context_id	rank	captured_at	environment	private_evidence_pointer	evidence_sha256	japanese	english	japanese_id	english_id	zenbu_present_pre	zenbu_rank_pre	lexical_relation	general_japanese	general_english	direct_link	japanese_indices	duplicate_group	duplicate_group_size	observation_source
D01	1	2026-08-15T01:14:58+09:00	Nihongo-1.34.3-9792-iPhone17ProMax-iOS26.6	private://issue-147/D01-cave-top20-01.png	f11342a73ea8cf8c01cdd3d093ecb5d30a7067a07580718ba16bf6d6035e6a23	洞窟を脱出！	Cave escape!	484243	483985	true	2	normalized-literal-surface	true	true	true	false	english:483985	1	issue-147-direct-transcription
D01	2	2026-08-15T01:14:58+09:00	Nihongo-1.34.3-9792-iPhone17ProMax-iOS26.6	private://issue-147/D01-cave-top20-01.png	f11342a73ea8cf8c01cdd3d093ecb5d30a7067a07580718ba16bf6d6035e6a23	洞窟は暗い。	Caves are dark.	11491039	3008736	true	1	normalized-literal-surface	true	true	true	false	english:3008736	1	issue-147-direct-transcription
D01	3	2026-08-15T01:14:58+09:00	Nihongo-1.34.3-9792-iPhone17ProMax-iOS26.6	private://issue-147/D01-cave-top20-01.png	f11342a73ea8cf8c01cdd3d093ecb5d30a7067a07580718ba16bf6d6035e6a23	これは洞窟です。	This is a cave.	2804141	2804142	true	3	normalized-literal-surface	true	true	true	false	english:2804142	1	issue-147-direct-transcription
D01	4	2026-08-15T01:14:58+09:00	Nihongo-1.34.3-9792-iPhone17ProMax-iOS26.6	private://issue-147/D01-cave-top20-01.png	f11342a73ea8cf8c01cdd3d093ecb5d30a7067a07580718ba16bf6d6035e6a23	洞窟は真っ暗だった。	It was pitch-dark in the cave.	11195158	11085878	true	4	normalized-literal-surface	true	true	true	false	english:11085878	2	issue-147-direct-transcription
D01	5	2026-08-15T01:14:58+09:00	Nihongo-1.34.3-9792-iPhone17ProMax-iOS26.6	private://issue-147/D01-cave-top20-01.png	f11342a73ea8cf8c01cdd3d093ecb5d30a7067a07580718ba16bf6d6035e6a23	洞窟は蛍でいっぱいだ。	The cave is full of fireflies.	8823605	1294352	true	5	normalized-literal-surface	true	true	true	false	english:1294352	1	issue-147-direct-transcription
D01	6	2026-08-15T01:14:58+09:00	Nihongo-1.34.3-9792-iPhone17ProMax-iOS26.6	private://issue-147/D01-cave-top20-01.png	f11342a73ea8cf8c01cdd3d093ecb5d30a7067a07580718ba16bf6d6035e6a23	トムは洞窟に入ったよ。	Tom entered the cave.	9106984	9106983	true	6	normalized-literal-surface	true	true	true	false	english:9106983	1	issue-147-direct-transcription
D01	7	2026-08-15T01:14:58+09:00	Nihongo-1.34.3-9792-iPhone17ProMax-iOS26.6	private://issue-147/D01-cave-top20-01.png	f11342a73ea8cf8c01cdd3d093ecb5d30a7067a07580718ba16bf6d6035e6a23	その洞穴は近づきやすい。	The cave is easy to access.	207433	44686	true	8	normalized-literal-surface	true	true	true	true	english:44686	1	issue-147-direct-transcription
D01	8	2026-08-15T01:16:17+09:00	Nihongo-1.34.3-9792-iPhone17ProMax-iOS26.6	private://issue-147/D01-cave-top20-02.png	08498a54a9822d34a5fec506bfb913d209f793e97020de68cbb2568d503e710b	私たちは洞窟の中に入った。	We went into the cave.	12068436	9015131	true	10	normalized-literal-surface	true	true	true	false	english:9015131	1	issue-147-direct-transcription
D01	9	2026-08-15T01:16:17+09:00	Nihongo-1.34.3-9792-iPhone17ProMax-iOS26.6	private://issue-147/D01-cave-top20-02.png	08498a54a9822d34a5fec506bfb913d209f793e97020de68cbb2568d503e710b	トムは洞窟に閉じ込められた。	Tom is trapped in the cave.	8621723	7732995	true	11	normalized-literal-surface	true	true	true	false	english:7732995	1	issue-147-direct-transcription
D01	10	2026-08-15T01:16:17+09:00	Nihongo-1.34.3-9792-iPhone17ProMax-iOS26.6	private://issue-147/D01-cave-top20-02.png	08498a54a9822d34a5fec506bfb913d209f793e97020de68cbb2568d503e710b	トムはまだ洞窟の中にいるんだ。	Tom is still in the cave.	11345330	3431160	true	12	normalized-literal-surface	true	true	true	false	english:3431160	1	issue-147-direct-transcription
D01	11	2026-08-15T01:16:17+09:00	Nihongo-1.34.3-9792-iPhone17ProMax-iOS26.6	private://issue-147/D01-cave-top20-02.png	08498a54a9822d34a5fec506bfb913d209f793e97020de68cbb2568d503e710b	その洞窟が私たちの隠れ家になった。	The cave did for our hiding place.	207438	44691	true	13	normalized-literal-surface	true	true	true	true	english:44691	1	issue-147-direct-transcription
D01	12	2026-08-15T01:16:17+09:00	Nihongo-1.34.3-9792-iPhone17ProMax-iOS26.6	private://issue-147/D01-cave-top20-02.png	08498a54a9822d34a5fec506bfb913d209f793e97020de68cbb2568d503e710b	彼は子供のころその岩穴によく行った。	He used to haunt those caves as a little boy.	106544	297142	true	14	normalized-literal-surface	true	true	true	true	english:297142	1	issue-147-direct-transcription
D01	13	2026-08-15T01:16:17+09:00	Nihongo-1.34.3-9792-iPhone17ProMax-iOS26.6	private://issue-147/D01-cave-top20-02.png	08498a54a9822d34a5fec506bfb913d209f793e97020de68cbb2568d503e710b	探検家達は洞穴の中で骸骨を発見した。	The explorers discovered a skeleton in the cave.	127385	276708	true	15	normalized-literal-surface	true	true	true	true	english:276708	1	issue-147-direct-transcription
D01	14	2026-08-15T01:16:28+09:00	Nihongo-1.34.3-9792-iPhone17ProMax-iOS26.6	private://issue-147/D01-cave-top20-03.png	352c85aa24ff5b84932476d4e1f4d50c81e43fc135c86e95bd06e108272e2f25	洞窟からうつろに反響する音を耳にした。	We heard somber hollow sounds from the cave.	123631	280366	true	16	normalized-literal-surface	true	true	true	true	english:280366	1	issue-147-direct-transcription
D01	15	2026-08-15T01:16:28+09:00	Nihongo-1.34.3-9792-iPhone17ProMax-iOS26.6	private://issue-147/D01-cave-top20-03.png	352c85aa24ff5b84932476d4e1f4d50c81e43fc135c86e95bd06e108272e2f25	そのトンネルは先日の地震で崩れ落ちた。	The tunnel caved in because of the earthquake the other day.	212864	50149	true	17	normalized-literal-surface	true	true	true	true	english:50149	1	issue-147-direct-transcription
D01	16	2026-08-15T01:16:28+09:00	Nihongo-1.34.3-9792-iPhone17ProMax-iOS26.6	private://issue-147/D01-cave-top20-03.png	352c85aa24ff5b84932476d4e1f4d50c81e43fc135c86e95bd06e108272e2f25	これは私が洞窟の中で見つけたものです。	This is what I found in the cave.	218337	55648	true	18	normalized-literal-surface	true	true	true	true	english:55648	1	issue-147-direct-transcription
D01	17	2026-08-15T01:16:28+09:00	Nihongo-1.34.3-9792-iPhone17ProMax-iOS26.6	private://issue-147/D01-cave-top20-03.png	352c85aa24ff5b84932476d4e1f4d50c81e43fc135c86e95bd06e108272e2f25	洞窟に男性３人が閉じ込められています。	There are three men trapped in the cave.	9944502	3422210	true	19	normalized-literal-surface	true	true	true	false	english:3422210	1	issue-147-direct-transcription
D01	18	2026-08-15T01:18:03+09:00	Nihongo-1.34.3-9792-iPhone17ProMax-iOS26.6	private://issue-147/D01-cave-top20-04.png	140060cf076d5909e55b77685e681788c950683a160b2371de8d66a5449b9fd3	誰も洞穴を見つけ出すことはできなかった。	No one could find the cave.	203119	40355	true	21	normalized-literal-surface	true	true	true	true	english:40355	1	issue-147-direct-transcription
D01	19	2026-08-15T01:18:03+09:00	Nihongo-1.34.3-9792-iPhone17ProMax-iOS26.6	private://issue-147/D01-cave-top20-04.png	140060cf076d5909e55b77685e681788c950683a160b2371de8d66a5449b9fd3	この洞窟には、コウモリがたくさんいます。	This cave is full of bats.	11052134	3536229	true	20	normalized-literal-surface	true	true	true	false	english:3536229	1	issue-147-direct-transcription
D01	20	2026-08-15T01:18:03+09:00	Nihongo-1.34.3-9792-iPhone17ProMax-iOS26.6	private://issue-147/D01-cave-top20-04.png	140060cf076d5909e55b77685e681788c950683a160b2371de8d66a5449b9fd3	その洞窟に最初に入ったのは、トムなんだよ。	Tom was the first person to enter the cave.	8930319	7958294	true	22	normalized-literal-surface	true	true	true	false	english:7958294	1	issue-147-direct-transcription
D02	1	2026-08-15T01:18:29+09:00	Nihongo-1.34.3-9792-iPhone17ProMax-iOS26.6	private://issue-147/D02-cat-top20-01.png	a79c37bf0fb373925a6937873e8988310eb622b9bd783d54168e89765fea22e3	病は気から。	Care killed a cat.	85345	269036	true	18	normalized-literal-surface	true	true	true	true	english:269036	2	issue-147-direct-transcription
D02	2	2026-08-15T01:18:29+09:00	Nihongo-1.34.3-9792-iPhone17ProMax-iOS26.6	private://issue-147/D02-cat-top20-01.png	a79c37bf0fb373925a6937873e8988310eb622b9bd783d54168e89765fea22e3	彼は猫を飼っている。	He keeps a cat.	101396	302300	false	""	normalized-literal-surface	true	true	true	true	english:302300	1	issue-147-direct-transcription
D02	3	2026-08-15T01:18:29+09:00	Nihongo-1.34.3-9792-iPhone17ProMax-iOS26.6	private://issue-147/D02-cat-top20-01.png	a79c37bf0fb373925a6937873e8988310eb622b9bd783d54168e89765fea22e3	彼女はネコをこわがる。	She is afraid of cats.	91803	311909	false	""	normalized-literal-surface	true	true	true	true	english:311909	2	issue-147-direct-transcription
D02	4	2026-08-15T01:18:29+09:00	Nihongo-1.34.3-9792-iPhone17ProMax-iOS26.6	private://issue-147/D02-cat-top20-01.png	a79c37bf0fb373925a6937873e8988310eb622b9bd783d54168e89765fea22e3	彼女はネコが大好きだ。	She adores cats.	91804	311908	false	""	normalized-literal-surface	true	true	true	true	english:311908	1	issue-147-direct-transcription
D02	5	2026-08-15T01:18:29+09:00	Nihongo-1.34.3-9792-iPhone17ProMax-iOS26.6	private://issue-147/D02-cat-top20-01.png	a79c37bf0fb373925a6937873e8988310eb622b9bd783d54168e89765fea22e3	彼らはまるで犬と猿だ。	They get along like a cat and a dog.	97661	306043	false	""	normalized-literal-surface	true	true	true	true	english:306043	1	issue-147-direct-transcription
D02	6	2026-08-15T01:18:29+09:00	Nihongo-1.34.3-9792-iPhone17ProMax-iOS26.6	private://issue-147/D02-cat-top20-01.png	a79c37bf0fb373925a6937873e8988310eb622b9bd783d54168e89765fea22e3	彼は猫が好きではない。	He does not like cats.	101398	302298	false	""	normalized-literal-surface	true	true	true	true	english:302298	2	issue-147-direct-transcription
D02	7	2026-08-15T01:18:29+09:00	Nihongo-1.34.3-9792-iPhone17ProMax-iOS26.6	private://issue-147/D02-cat-top20-01.png	a79c37bf0fb373925a6937873e8988310eb622b9bd783d54168e89765fea22e3	妖精は王子を猫に変えた。	The fairy changed the prince into a cat.	78908	324808	false	""	normalized-literal-surface	true	true	true	true	english:324808	1	issue-147-direct-transcription
D02	8	2026-08-15T01:18:39+09:00	Nihongo-1.34.3-9792-iPhone17ProMax-iOS26.6	private://issue-147/D02-cat-top20-02.png	9b4f3efb11fae034415c2e81c47e27dc44ee9dd957c4a762497d25ff6089a462	彼は高い木から猫を救った。	He rescued a cat from a high tree.	107300	296384	false	""	normalized-literal-surface	true	true	true	true	english:296384	1	issue-147-direct-transcription
D02	9	2026-08-15T01:18:39+09:00	Nihongo-1.34.3-9792-iPhone17ProMax-iOS26.6	private://issue-147/D02-cat-top20-02.png	9b4f3efb11fae034415c2e81c47e27dc44ee9dd957c4a762497d25ff6089a462	彼は、二匹猫を飼っている。	He keeps two cats.	115413	288257	false	""	normalized-literal-surface	true	true	true	true	english:288257	2	issue-147-direct-transcription
D02	10	2026-08-15T01:18:39+09:00	Nihongo-1.34.3-9792-iPhone17ProMax-iOS26.6	private://issue-147/D02-cat-top20-02.png	9b4f3efb11fae034415c2e81c47e27dc44ee9dd957c4a762497d25ff6089a462	猫は暗がりでも目が見える。	Cats can see in the dark.	121959	35811	false	""	normalized-literal-surface	true	true	true	true	english:35811	6	issue-147-direct-transcription
D02	11	2026-08-15T01:18:39+09:00	Nihongo-1.34.3-9792-iPhone17ProMax-iOS26.6	private://issue-147/D02-cat-top20-02.png	9b4f3efb11fae034415c2e81c47e27dc44ee9dd957c4a762497d25ff6089a462	隣人は４人姉妹と猫１匹です。	My neighbors are four sisters and a cat.	77747	325971	false	""	normalized-literal-surface	true	true	true	true	english:325971	1	issue-147-direct-transcription
D02	12	2026-08-15T01:18:39+09:00	Nihongo-1.34.3-9792-iPhone17ProMax-iOS26.6	private://issue-147/D02-cat-top20-02.png	9b4f3efb11fae034415c2e81c47e27dc44ee9dd957c4a762497d25ff6089a462	母猫は鳥を捕まえに出かけた。	The mother cat went out hunting birds.	82767	320949	false	""	normalized-literal-surface	true	true	true	true	english:320949	1	issue-147-direct-transcription
D02	13	2026-08-15T01:18:39+09:00	Nihongo-1.34.3-9792-iPhone17ProMax-iOS26.6	private://issue-147/D02-cat-top20-02.png	9b4f3efb11fae034415c2e81c47e27dc44ee9dd957c4a762497d25ff6089a462	彼女は猫を飼いたがっている。	She wants to keep a cat.	87595	316113	false	""	normalized-literal-surface	true	true	true	true	english:316113	1	issue-147-direct-transcription
D02	14	2026-08-15T01:18:39+09:00	Nihongo-1.34.3-9792-iPhone17ProMax-iOS26.6	private://issue-147/D02-cat-top20-02.png	9b4f3efb11fae034415c2e81c47e27dc44ee9dd957c4a762497d25ff6089a462	彼女はその猫に牛乳をやった。	She gave milk to the cat.	92329	311382	false	""	normalized-literal-surface	true	true	true	true	english:311382	1	issue-147-direct-transcription
D02	15	2026-08-15T01:18:49+09:00	Nihongo-1.34.3-9792-iPhone17ProMax-iOS26.6	private://issue-147/D02-cat-top20-03.png	5ac2a8cd88ec0312bdb7ae4e1625eda5af487d0ef58360aaf5cb1ef1cdfae072	彼は、とても満足げに見える。	He looks like a cat that ate the canary.	115626	288044	false	""	normalized-literal-surface	true	true	true	true	english:288044	1	issue-147-direct-transcription
D02	16	2026-08-15T01:18:49+09:00	Nihongo-1.34.3-9792-iPhone17ProMax-iOS26.6	private://issue-147/D02-cat-top20-03.png	5ac2a8cd88ec0312bdb7ae4e1625eda5af487d0ef58360aaf5cb1ef1cdfae072	問題は誰が猫に鈴をつけるかだ。	The question is: Who will bell the cat.	79818	323899	false	""	normalized-literal-surface	true	true	true	true	english:323899	1	issue-147-direct-transcription
D02	17	2026-08-15T01:18:49+09:00	Nihongo-1.34.3-9792-iPhone17ProMax-iOS26.6	private://issue-147/D02-cat-top20-03.png	5ac2a8cd88ec0312bdb7ae4e1625eda5af487d0ef58360aaf5cb1ef1cdfae072	彼女は猫を脅かして追い払った。	She scared the cat away.	87596	316112	false	""	normalized-literal-surface	true	true	true	true	english:316112	1	issue-147-direct-transcription
D02	18	2026-08-15T01:18:49+09:00	Nihongo-1.34.3-9792-iPhone17ProMax-iOS26.6	private://issue-147/D02-cat-top20-03.png	5ac2a8cd88ec0312bdb7ae4e1625eda5af487d0ef58360aaf5cb1ef1cdfae072	彼らは熱烈にいがみ合っている。	They fight like cat and dog.	96408	463186	false	""	normalized-literal-surface	true	true	true	true	english:463186	2	issue-147-direct-transcription
D02	19	2026-08-15T01:18:49+09:00	Nihongo-1.34.3-9792-iPhone17ProMax-iOS26.6	private://issue-147/D02-cat-top20-03.png	5ac2a8cd88ec0312bdb7ae4e1625eda5af487d0ef58360aaf5cb1ef1cdfae072	彼の叔母は猫を３匹飼っている。	His aunt has three cats.	116987	286680	false	""	normalized-literal-surface	true	true	true	true	english:286680	1	issue-147-direct-transcription
D02	20	2026-08-15T01:18:59+09:00	Nihongo-1.34.3-9792-iPhone17ProMax-iOS26.6	private://issue-147/D02-cat-top20-04.png	b3f0d672394deed98c4d7317c7938c996ee77ebce52ccd49d9f78bb18001aea7	木の上の猫が私の所へ降りてきた。	The cat on the tree came down to me.	80122	323595	false	""	normalized-literal-surface	true	true	true	true	english:323595	1	issue-147-direct-transcription
D03	1	2026-08-15T01:19:26+09:00	Nihongo-1.34.3-9792-iPhone17ProMax-iOS26.6	private://issue-147/D03-eat-top20-01.png	2713e15556b8eeff1d9e4fdf758fe87b0d5e630395dc556e20120f1fd94bafc3	論より証拠。	The proof of the pudding is in the eating.	77229	34326	true	55	normalized-literal-surface	true	true	true	true	english:34326	2	issue-147-direct-transcription
D03	2	2026-08-15T01:19:26+09:00	Nihongo-1.34.3-9792-iPhone17ProMax-iOS26.6	private://issue-147/D03-eat-top20-01.png	2713e15556b8eeff1d9e4fdf758fe87b0d5e630395dc556e20120f1fd94bafc3	野菜を食べたら？	Why don't you eat some vegetables?	5160	2765281	false	""	normalized-literal-surface	true	true	true	false	english:2765281	1	issue-147-direct-transcription
D03	3	2026-08-15T01:19:26+09:00	Nihongo-1.34.3-9792-iPhone17ProMax-iOS26.6	private://issue-147/D03-eat-top20-01.png	2713e15556b8eeff1d9e4fdf758fe87b0d5e630395dc556e20120f1fd94bafc3	食事中本を読んだ。	I read a book while eating.	5222	1881	false	""	normalized-literal-surface	true	true	true	false	english:1881	2	issue-147-direct-transcription
D03	4	2026-08-15T01:19:26+09:00	Nihongo-1.34.3-9792-iPhone17ProMax-iOS26.6	private://issue-147/D03-eat-top20-01.png	2713e15556b8eeff1d9e4fdf758fe87b0d5e630395dc556e20120f1fd94bafc3	あまり食べ過ぎるな。	Don't eat too much.	78956	324760	false	""	normalized-literal-surface	true	true	true	true	english:324760	1	issue-147-direct-transcription
D03	5	2026-08-15T01:19:26+09:00	Nihongo-1.34.3-9792-iPhone17ProMax-iOS26.6	private://issue-147/D03-eat-top20-01.png	2713e15556b8eeff1d9e4fdf758fe87b0d5e630395dc556e20120f1fd94bafc3	両方一度にはできんよ。	You can't have your cake and eat it too.	77970	62636	false	""	normalized-literal-surface	true	true	true	true	english:62636	3	issue-147-direct-transcription
D03	6	2026-08-15T01:19:26+09:00	Nihongo-1.34.3-9792-iPhone17ProMax-iOS26.6	private://issue-147/D03-eat-top20-01.png	2713e15556b8eeff1d9e4fdf758fe87b0d5e630395dc556e20120f1fd94bafc3	一緒に食べに行きましょう。	Let's go to eat together.	75107	328612	false	""	normalized-literal-surface	true	true	true	true	english:328612	1	issue-147-direct-transcription
D03	7	2026-08-15T01:19:26+09:00	Nihongo-1.34.3-9792-iPhone17ProMax-iOS26.6	private://issue-147/D03-eat-top20-01.png	2713e15556b8eeff1d9e4fdf758fe87b0d5e630395dc556e20120f1fd94bafc3	両方いいようにはできない。	You can't have your cake and eat it too.	77975	62636	false	""	normalized-literal-surface	true	true	true	true	english:62636	3	issue-147-direct-transcription
D03	8	2026-08-15T01:19:36+09:00	Nihongo-1.34.3-9792-iPhone17ProMax-iOS26.6	private://issue-147/D03-eat-top20-02.png	f404dc586c4a38750915678c4a33014d68fa77c6ae03fb0def4f79e6509f4b5e	野菜をたくさん食べなさい。	Eat a lot of vegetables.	79599	324120	false	""	normalized-literal-surface	true	true	true	true	english:324120	1	issue-147-direct-transcription
D03	9	2026-08-15T01:19:36+09:00	Nihongo-1.34.3-9792-iPhone17ProMax-iOS26.6	private://issue-147/D03-eat-top20-02.png	f404dc586c4a38750915678c4a33014d68fa77c6ae03fb0def4f79e6509f4b5e	ファストフードはもう飽きた。	I'm tired of eating fast food.	5311	2129	false	""	normalized-literal-surface	true	true	true	false	english:2129	1	issue-147-direct-transcription
D03	10	2026-08-15T01:19:36+09:00	Nihongo-1.34.3-9792-iPhone17ProMax-iOS26.6	private://issue-147/D03-eat-top20-02.png	f404dc586c4a38750915678c4a33014d68fa77c6ae03fb0def4f79e6509f4b5e	きょう何を昼食に食べましたか。	What did you eat for lunch today?	5298	401813	false	""	normalized-literal-surface	true	true	true	true	english:401813	1	issue-147-direct-transcription
D03	11	2026-08-15T01:19:36+09:00	Nihongo-1.34.3-9792-iPhone17ProMax-iOS26.6	private://issue-147/D03-eat-top20-02.png	f404dc586c4a38750915678c4a33014d68fa77c6ae03fb0def4f79e6509f4b5e	冷たい食事は、避けてください。	You shouldn't eat anything cold.	77668	326050	false	""	normalized-literal-surface	true	true	true	true	english:326050	1	issue-147-direct-transcription
D03	12	2026-08-15T01:19:36+09:00	Nihongo-1.34.3-9792-iPhone17ProMax-iOS26.6	private://issue-147/D03-eat-top20-02.png	f404dc586c4a38750915678c4a33014d68fa77c6ae03fb0def4f79e6509f4b5e	毎日の飲食物には注意しなさい。	Take good care of what you eat and drink every day.	81307	322408	false	""	normalized-literal-surface	true	true	true	true	english:322408	1	issue-147-direct-transcription
D03	13	2026-08-15T01:19:36+09:00	Nihongo-1.34.3-9792-iPhone17ProMax-iOS26.6	private://issue-147/D03-eat-top20-02.png	f404dc586c4a38750915678c4a33014d68fa77c6ae03fb0def4f79e6509f4b5e	いつご飯食べるの？お腹空いたよ。	When are we eating? I'm hungry!	5274	2073	false	""	normalized-literal-surface	true	true	true	false	english:2073	1	issue-147-direct-transcription
D03	14	2026-08-15T01:19:44+09:00	Nihongo-1.34.3-9792-iPhone17ProMax-iOS26.6	private://issue-147/D03-eat-top20-03.png	1db1c131d60ceea1f9a17edbcbbe8ea84ad4a876960e79e4f366d7ec26986018	麿はプリンを食べないではおれぬ。	I cannot resist eating pudding.	81207	322508	false	""	normalized-literal-surface	true	true	true	true	english:322508	1	issue-147-direct-transcription
D03	15	2026-08-15T01:19:44+09:00	Nihongo-1.34.3-9792-iPhone17ProMax-iOS26.6	private://issue-147/D03-eat-top20-03.png	1db1c131d60ceea1f9a17edbcbbe8ea84ad4a876960e79e4f366d7ec26986018	ほうれん草をのこさずにたべなさい。	Eat up all your spinach!	76443	327277	false	""	normalized-literal-surface	true	true	true	true	english:327277	1	issue-147-direct-transcription
D03	16	2026-08-15T01:19:44+09:00	Nihongo-1.34.3-9792-iPhone17ProMax-iOS26.6	private://issue-147/D03-eat-top20-03.png	1db1c131d60ceea1f9a17edbcbbe8ea84ad4a876960e79e4f366d7ec26986018	問題はどこで昼食をたべるかだった。	The problem was where to eat lunch.	79841	323876	false	""	normalized-literal-surface	true	true	true	true	english:323876	1	issue-147-direct-transcription
D03	17	2026-08-15T01:19:44+09:00	Nihongo-1.34.3-9792-iPhone17ProMax-iOS26.6	private://issue-147/D03-eat-top20-03.png	1db1c131d60ceea1f9a17edbcbbe8ea84ad4a876960e79e4f366d7ec26986018	毎日新鮮な野菜サラダを食べてます。	We eat a fresh, green salad every day.	81280	322435	false	""	normalized-literal-surface	true	true	true	true	english:322435	1	issue-147-direct-transcription
D03	18	2026-08-15T01:19:44+09:00	Nihongo-1.34.3-9792-iPhone17ProMax-iOS26.6	private://issue-147/D03-eat-top20-03.png	1db1c131d60ceea1f9a17edbcbbe8ea84ad4a876960e79e4f366d7ec26986018	人は食事を取らなければ死んでしまう。	If you don't eat, you die.	4948	1538	false	""	normalized-literal-surface	true	true	true	false	english:1538	1	issue-147-direct-transcription
D03	19	2026-08-15T01:20:02+09:00	Nihongo-1.34.3-9792-iPhone17ProMax-iOS26.6	private://issue-147/D03-eat-top20-04.png	1d33e1cd47a35db7847d85bcda8b9ba97b9bb4ccab2a3d96e547a3608658d0fe	僕は興奮していて、何も喉を通らない。	I'm too excited to eat anything.	81960	321755	false	""	normalized-literal-surface	true	true	true	true	english:321755	2	issue-147-direct-transcription
D03	20	2026-08-15T01:20:02+09:00	Nihongo-1.34.3-9792-iPhone17ProMax-iOS26.6	private://issue-147/D03-eat-top20-04.png	1d33e1cd47a35db7847d85bcda8b9ba97b9bb4ccab2a3d96e547a3608658d0fe	錆が金属の部分を少しずつ侵食している。	Rust is gradually eating into the metal parts.	76117	327601	false	""	normalized-literal-surface	true	true	true	true	english:327601	1	issue-147-direct-transcription
D04	1	2026-08-15T01:20:29+09:00	Nihongo-1.34.3-9792-iPhone17ProMax-iOS26.6	private://issue-147/D04-beautiful-top20-01.png	2be72c8456741dc348625d54e1c043489295be87758e8766097c7ddd2a0b12fb	美人だなあ。	She is beautiful.	85541	410244	true	4	normalized-literal-surface	true	true	true	true	english:410244	6	issue-147-direct-transcription
D04	2	2026-08-15T01:20:29+09:00	Nihongo-1.34.3-9792-iPhone17ProMax-iOS26.6	private://issue-147/D04-beautiful-top20-01.png	2be72c8456741dc348625d54e1c043489295be87758e8766097c7ddd2a0b12fb	人生は美しい。	Life is beautiful.	5196	1829	true	14	normalized-literal-surface	true	true	true	false	english:1829	1	issue-147-direct-transcription
D04	3	2026-08-15T01:20:29+09:00	Nihongo-1.34.3-9792-iPhone17ProMax-iOS26.6	private://issue-147/D04-beautiful-top20-01.png	2be72c8456741dc348625d54e1c043489295be87758e8766097c7ddd2a0b12fb	美しい日です。	It's a beautiful day.	85563	318150	true	15	normalized-literal-surface	true	true	true	true	english:318150	3	issue-147-direct-transcription
D04	4	2026-08-15T01:20:29+09:00	Nihongo-1.34.3-9792-iPhone17ProMax-iOS26.6	private://issue-147/D04-beautiful-top20-01.png	2be72c8456741dc348625d54e1c043489295be87758e8766097c7ddd2a0b12fb	真実のみが美しい。	Nothing is beautiful but the truth.	4894	1480	true	44	normalized-literal-surface	true	true	true	false	english:1480	1	issue-147-direct-transcription
D04	5	2026-08-15T01:20:29+09:00	Nihongo-1.34.3-9792-iPhone17ProMax-iOS26.6	private://issue-147/D04-beautiful-top20-01.png	2be72c8456741dc348625d54e1c043489295be87758e8766097c7ddd2a0b12fb	富士山はとてもきれいだ。	Mt. Fuji is very beautiful.	84940	2617277	false	""	normalized-literal-surface	true	true	true	true	english:2617277	1	issue-147-direct-transcription
D04	6	2026-08-15T01:20:29+09:00	Nihongo-1.34.3-9792-iPhone17ProMax-iOS26.6	private://issue-147/D04-beautiful-top20-01.png	2be72c8456741dc348625d54e1c043489295be87758e8766097c7ddd2a0b12fb	潔白であることは美しいことだ。	Innocence is a beautiful thing.	4796	1375	false	""	normalized-literal-surface	true	true	true	false	english:1375	1	issue-147-direct-transcription
D04	7	2026-08-15T01:20:29+09:00	Nihongo-1.34.3-9792-iPhone17ProMax-iOS26.6	private://issue-147/D04-beautiful-top20-01.png	2be72c8456741dc348625d54e1c043489295be87758e8766097c7ddd2a0b12fb	イタリアはとても美しい国です。	Italy is a very beautiful country.	5062	1658	false	""	normalized-literal-surface	true	true	true	false	english:1658	1	issue-147-direct-transcription
D04	8	2026-08-15T01:20:40+09:00	Nihongo-1.34.3-9792-iPhone17ProMax-iOS26.6	private://issue-147/D04-beautiful-top20-02.png	2615997fe5afc8a5cbe55afa9debcfb9f1d4125d0af587bcb391918f9b76fecf	夕空に映えて塔が美しく見える。	The tower looks beautiful against the evening sky.	79125	324592	false	""	normalized-literal-surface	true	true	true	true	english:324592	1	issue-147-direct-transcription
D04	9	2026-08-15T01:20:40+09:00	Nihongo-1.34.3-9792-iPhone17ProMax-iOS26.6	private://issue-147/D04-beautiful-top20-02.png	2615997fe5afc8a5cbe55afa9debcfb9f1d4125d0af587bcb391918f9b76fecf	パリは世界で最も美しい街である。	Paris is the most beautiful city in the world.	5032	1627	false	""	normalized-literal-surface	true	true	true	false	english:1627	1	issue-147-direct-transcription
D04	10	2026-08-15T01:20:40+09:00	Nihongo-1.34.3-9792-iPhone17ProMax-iOS26.6	private://issue-147/D04-beautiful-top20-02.png	2615997fe5afc8a5cbe55afa9debcfb9f1d4125d0af587bcb391918f9b76fecf	母は若いとき、とても美しかった。	When my mother was young, she was very beautiful.	82922	320794	false	""	normalized-literal-surface	true	true	true	true	english:320794	1	issue-147-direct-transcription
D04	11	2026-08-15T01:20:40+09:00	Nihongo-1.34.3-9792-iPhone17ProMax-iOS26.6	private://issue-147/D04-beautiful-top20-02.png	2615997fe5afc8a5cbe55afa9debcfb9f1d4125d0af587bcb391918f9b76fecf	富士山は姿が美しいので有名です。	Mt. Fuji is noted for its beautiful shape.	84937	318776	false	""	normalized-literal-surface	true	true	true	true	english:318776	2	issue-147-direct-transcription
D04	12	2026-08-15T01:20:40+09:00	Nihongo-1.34.3-9792-iPhone17ProMax-iOS26.6	private://issue-147/D04-beautiful-top20-02.png	2615997fe5afc8a5cbe55afa9debcfb9f1d4125d0af587bcb391918f9b76fecf	美しいものは必ずしも善ではない。	What is beautiful is not always good.	85570	318143	false	""	normalized-literal-surface	true	true	true	true	english:318143	1	issue-147-direct-transcription
D04	13	2026-08-15T01:20:51+09:00	Nihongo-1.34.3-9792-iPhone17ProMax-iOS26.6	private://issue-147/D04-beautiful-top20-03.png	273f956a8b804f20140a2cb61256aceb754840a26a255cfc116befd080c621cf	麻雀牌はとってもきれいなものです。	Mahjong tiles are very beautiful.	81432	322283	false	""	normalized-literal-surface	true	true	true	true	english:322283	1	issue-147-direct-transcription
D04	14	2026-08-15T01:20:51+09:00	Nihongo-1.34.3-9792-iPhone17ProMax-iOS26.6	private://issue-147/D04-beautiful-top20-03.png	273f956a8b804f20140a2cb61256aceb754840a26a255cfc116befd080c621cf	美しい日没に感嘆せざるをえなかった。	We could not help admiring the beautiful sunset.	85562	318151	false	""	normalized-literal-surface	true	true	true	true	english:318151	1	issue-147-direct-transcription
D04	15	2026-08-15T01:20:51+09:00	Nihongo-1.34.3-9792-iPhone17ProMax-iOS26.6	private://issue-147/D04-beautiful-top20-03.png	273f956a8b804f20140a2cb61256aceb754840a26a255cfc116befd080c621cf	美しい女性が私の一列前に座っていた。	A beautiful woman was seated one row in front of me.	85564	318149	false	""	normalized-literal-surface	true	true	true	true	english:318149	1	issue-147-direct-transcription
D04	16	2026-08-15T01:20:51+09:00	Nihongo-1.34.3-9792-iPhone17ProMax-iOS26.6	private://issue-147/D04-beautiful-top20-03.png	273f956a8b804f20140a2cb61256aceb754840a26a255cfc116befd080c621cf	あなたって、なんてきれいなんでしょう！	How beautiful you are!	5347	2446	false	""	normalized-literal-surface	true	true	true	false	english:2446	2	issue-147-direct-transcription
D04	17	2026-08-15T01:20:51+09:00	Nihongo-1.34.3-9792-iPhone17ProMax-iOS26.6	private://issue-147/D04-beautiful-top20-03.png	273f956a8b804f20140a2cb61256aceb754840a26a255cfc116befd080c621cf	僕らはその美しい景色をじっとみつめた。	We gazed at the beautiful scenery.	81709	322006	false	""	normalized-literal-surface	true	true	true	true	english:322006	1	issue-147-direct-transcription
D04	18	2026-08-15T01:21:04+09:00	Nihongo-1.34.3-9792-iPhone17ProMax-iOS26.6	private://issue-147/D04-beautiful-top20-04.png	4ad322d83e8445c007465dc16b144bbbff4c9cc814028733dfd41d411897476c	母は、彼女に美しい人形を買ってやった。	Mother bought a beautiful doll for her.	83102	320614	false	""	normalized-literal-surface	true	true	true	true	english:320614	1	issue-147-direct-transcription
D04	19	2026-08-15T01:21:04+09:00	Nihongo-1.34.3-9792-iPhone17ProMax-iOS26.6	private://issue-147/D04-beautiful-top20-04.png	4ad322d83e8445c007465dc16b144bbbff4c9cc814028733dfd41d411897476c	友人のケイは美人だが、人に思いやりがない。	My friend Kei is beautiful, but she is not considerate to others.	79370	324347	false	""	normalized-literal-surface	true	true	true	true	english:324347	1	issue-147-direct-transcription
D04	20	2026-08-15T01:21:04+09:00	Nihongo-1.34.3-9792-iPhone17ProMax-iOS26.6	private://issue-147/D04-beautiful-top20-04.png	4ad322d83e8445c007465dc16b144bbbff4c9cc814028733dfd41d411897476c	「クレオパトラ」は美人の代名詞になっている。	The name Cleopatra has become a byword for a beautiful woman.	74106	329614	false	""	normalized-literal-surface	true	true	true	true	english:329614	1	issue-147-direct-transcription
D05	1	2026-08-15T01:23:40+09:00	Nihongo-1.34.3-9792-iPhone17ProMax-iOS26.6	private://issue-147/D05-thank-you-top20-01.png	403d131f853a49904a1a1f31179532de719c31f3ae560c86a25561de2c8561cc	本当にありがとう。	Thank you very much!	81557	1564	true	26	normalized-literal-surface	true	true	true	true	english:1564	4	issue-147-direct-transcription
D05	2	2026-08-15T01:23:40+09:00	Nihongo-1.34.3-9792-iPhone17ProMax-iOS26.6	private://issue-147/D05-thank-you-top20-01.png	403d131f853a49904a1a1f31179532de719c31f3ae560c86a25561de2c8561cc	先生、ありがとう。	Thank you, Doctor.	141799	272771	true	20	normalized-literal-surface	true	true	true	true	english:272771	2	issue-147-direct-transcription
D05	3	2026-08-15T01:23:40+09:00	Nihongo-1.34.3-9792-iPhone17ProMax-iOS26.6	private://issue-147/D05-thank-you-top20-01.png	403d131f853a49904a1a1f31179532de719c31f3ae560c86a25561de2c8561cc	心より感謝します。	I thank you from the bottom of my heart.	145585	268952	true	21	normalized-literal-surface	true	true	true	true	english:268952	3	issue-147-direct-transcription
D05	4	2026-08-15T01:23:40+09:00	Nihongo-1.34.3-9792-iPhone17ProMax-iOS26.6	private://issue-147/D05-thank-you-top20-01.png	403d131f853a49904a1a1f31179532de719c31f3ae560c86a25561de2c8561cc	贈り物をありがとう。	Thank you for the present.	140220	274353	true	32	normalized-literal-surface	true	true	true	true	english:274353	1	issue-147-direct-transcription
D05	5	2026-08-15T01:23:40+09:00	Nihongo-1.34.3-9792-iPhone17ProMax-iOS26.6	private://issue-147/D05-thank-you-top20-01.png	403d131f853a49904a1a1f31179532de719c31f3ae560c86a25561de2c8561cc	ありがとうございます！	Thank you very much!	4971	1564	true	46	normalized-literal-surface	true	true	true	false	english:1564	4	issue-147-direct-transcription
D05	6	2026-08-15T01:23:40+09:00	Nihongo-1.34.3-9792-iPhone17ProMax-iOS26.6	private://issue-147/D05-thank-you-top20-01.png	403d131f853a49904a1a1f31179532de719c31f3ae560c86a25561de2c8561cc	来てくれてありがとう。	Thank you for coming.	78721	64536	true	47	normalized-literal-surface	true	true	true	true	english:64536	6	issue-147-direct-transcription
D05	7	2026-08-15T01:23:40+09:00	Nihongo-1.34.3-9792-iPhone17ProMax-iOS26.6	private://issue-147/D05-thank-you-top20-01.png	403d131f853a49904a1a1f31179532de719c31f3ae560c86a25561de2c8561cc	電話、どうもありがとう。	Thank you for calling.	124756	64155	true	62	normalized-literal-surface	true	true	true	true	english:64155	4	issue-147-direct-transcription
D05	8	2026-08-15T01:23:50+09:00	Nihongo-1.34.3-9792-iPhone17ProMax-iOS26.6	private://issue-147/D05-thank-you-top20-02.png	63f352d5405abf0c39448166595f4c5be25100b96e9d0a2d3aa5f19a990adff4	先日はどうもありがとう。	Thank you for the other day.	141469	273101	true	64	normalized-literal-surface	true	true	true	true	english:273101	2	issue-147-direct-transcription
D05	9	2026-08-15T01:23:50+09:00	Nihongo-1.34.3-9792-iPhone17ProMax-iOS26.6	private://issue-147/D05-thank-you-top20-02.png	63f352d5405abf0c39448166595f4c5be25100b96e9d0a2d3aa5f19a990adff4	有り難う、どうぞ頼みます。	Thank you. Please do.	79266	324451	true	96	normalized-literal-surface	true	true	true	true	english:324451	1	issue-147-direct-transcription
D05	10	2026-08-15T01:23:50+09:00	Nihongo-1.34.3-9792-iPhone17ProMax-iOS26.6	private://issue-147/D05-thank-you-top20-02.png	63f352d5405abf0c39448166595f4c5be25100b96e9d0a2d3aa5f19a990adff4	電話してくれてありがとう。	Thank you for calling.	124725	64155	true	84	normalized-literal-surface	true	true	true	true	english:64155	4	issue-147-direct-transcription
D05	11	2026-08-15T01:23:50+09:00	Nihongo-1.34.3-9792-iPhone17ProMax-iOS26.6	private://issue-147/D05-thank-you-top20-02.png	63f352d5405abf0c39448166595f4c5be25100b96e9d0a2d3aa5f19a990adff4	大変ありがとうございました。	Thank you ever so much.	137276	275960	false	""	normalized-literal-surface	true	true	true	true	english:275960	1	issue-147-direct-transcription
D05	12	2026-08-15T01:23:50+09:00	Nihongo-1.34.3-9792-iPhone17ProMax-iOS26.6	private://issue-147/D05-thank-you-top20-02.png	63f352d5405abf0c39448166595f4c5be25100b96e9d0a2d3aa5f19a990adff4	親切にしてくれてありがとう。	Thank you for your kindness.	144789	54403	false	""	normalized-literal-surface	true	true	true	true	english:54403	3	issue-147-direct-transcription
D05	13	2026-08-15T01:23:50+09:00	Nihongo-1.34.3-9792-iPhone17ProMax-iOS26.6	private://issue-147/D05-thank-you-top20-02.png	63f352d5405abf0c39448166595f4c5be25100b96e9d0a2d3aa5f19a990adff4	ご読了ありがとございました～。	Thank you for reading to the end.	74144	329576	false	""	normalized-literal-surface	true	true	true	true	english:329576	2	issue-147-direct-transcription
D05	14	2026-08-15T01:23:50+09:00	Nihongo-1.34.3-9792-iPhone17ProMax-iOS26.6	private://issue-147/D05-thank-you-top20-02.png	63f352d5405abf0c39448166595f4c5be25100b96e9d0a2d3aa5f19a990adff4	贈り物をありがとうございます。	Thank you very much for your present.	140219	274354	false	""	normalized-literal-surface	true	true	true	true	english:274354	1	issue-147-direct-transcription
D05	15	2026-08-15T01:41:15+09:00	Nihongo-1.34.3-9792-iPhone17ProMax-iOS26.6	private://issue-147/D05-thank-you-rank14-16-overlap.png	9499cdbedbcd5799b7df778057ecd60972b82c2739e7e143adb740d847e2a797	来てくださってどうもありがとう。	Thank you for coming.	78725	64536	false	""	normalized-literal-surface	true	true	true	true	english:64536	6	issue-147-direct-transcription
D05	16	2026-08-15T01:25:19+09:00	Nihongo-1.34.3-9792-iPhone17ProMax-iOS26.6	private://issue-147/D05-thank-you-top20-03.png	13f06a1cbd9a6d74c25bf77424b098df8fa26aa6b69e34b035cab49c703eefd4	日頃のご愛顧にお礼申し上げます。	We really thank you for your patronage.	122872	281130	false	""	normalized-literal-surface	true	true	true	true	english:281130	4	issue-147-direct-transcription
D05	17	2026-08-15T01:25:19+09:00	Nihongo-1.34.3-9792-iPhone17ProMax-iOS26.6	private://issue-147/D05-thank-you-top20-03.png	13f06a1cbd9a6d74c25bf77424b098df8fa26aa6b69e34b035cab49c703eefd4	先日は、大変お世話になりました。	Thank you for all your help the other day.	141471	273099	false	""	normalized-literal-surface	true	true	true	true	english:273099	1	issue-147-direct-transcription
D05	18	2026-08-15T01:25:19+09:00	Nihongo-1.34.3-9792-iPhone17ProMax-iOS26.6	private://issue-147/D05-thank-you-top20-03.png	13f06a1cbd9a6d74c25bf77424b098df8fa26aa6b69e34b035cab49c703eefd4	「ありがとう」「どういたしまして」	"""Thank you."" ""You're welcome."""	5278	2077	false	""	normalized-literal-surface	true	true	true	true	english:2077	4	issue-147-direct-transcription
D05	19	2026-08-15T01:25:19+09:00	Nihongo-1.34.3-9792-iPhone17ProMax-iOS26.6	private://issue-147/D05-thank-you-top20-03.png	13f06a1cbd9a6d74c25bf77424b098df8fa26aa6b69e34b035cab49c703eefd4	電話では、ありがとうございました。	Thank you very much for your time on the phone.	124718	279276	false	""	normalized-literal-surface	true	true	true	true	english:279276	1	issue-147-direct-transcription
D05	20	2026-08-15T01:25:19+09:00	Nihongo-1.34.3-9792-iPhone17ProMax-iOS26.6	private://issue-147/D05-thank-you-top20-03.png	13f06a1cbd9a6d74c25bf77424b098df8fa26aa6b69e34b035cab49c703eefd4	心づくしのおもてなしを感謝します。	Thank you very much for your hearty hospitality.	145602	268959	false	""	normalized-literal-surface	true	true	true	true	english:268959	1	issue-147-direct-transcription
D06	1	2026-08-14T21:21:44+09:00	Nihongo-1.34.3-9792-iPhone17ProMax-iOS26.6	private://issue-148/nihongo-scared-you-examples.png	db8ddaa013933af200e60f5bd321b18fc5e6c4956f1a06641027ff9b7d210f5d	彼は君に撃たれるのではないかとびくびくしていた。	He was scared you would shoot him.	108058	295628	true	1	normalized-literal-surface	true	true	true	true	english:295628	1	issue-148-de8164e
D06	2	2026-08-14T21:21:44+09:00	Nihongo-1.34.3-9792-iPhone17ProMax-iOS26.6	private://issue-148/nihongo-scared-you-examples.png	db8ddaa013933af200e60f5bd321b18fc5e6c4956f1a06641027ff9b7d210f5d	ごめん！怖がらせるつもりはなかったんだ。	Sorry! I didn't mean to scare you.	12574578	12373614	false	""	sqlite-fts4-porter-phrase-candidate	true	true	true	false	english:12373614	1	issue-148-de8164e
D06	3	2026-08-14T21:21:44+09:00	Nihongo-1.34.3-9792-iPhone17ProMax-iOS26.6	private://issue-148/nihongo-scared-you-examples.png	db8ddaa013933af200e60f5bd321b18fc5e6c4956f1a06641027ff9b7d210f5d	ごめんね、怖がらせるつもりはなかったんだ。	Sorry, I didn't mean to scare you.	2409471	2396319	false	""	sqlite-fts4-porter-phrase-candidate	true	true	true	false	english:2396319	1	issue-148-de8164e
D06	4	2026-08-14T21:21:44+09:00	Nihongo-1.34.3-9792-iPhone17ProMax-iOS26.6	private://issue-148/nihongo-scared-you-examples.png	db8ddaa013933af200e60f5bd321b18fc5e6c4956f1a06641027ff9b7d210f5d	もし私が君をこわがらせたいと思ってたら、数週間前に見た夢のことを話してたよ。	If I wanted to scare you, I would have told you about what I dreamt about a few weeks ago.	472836	473875	false	""	sqlite-fts4-porter-phrase-candidate	true	true	true	false	english:473875	1	issue-148-de8164e
D08	1	2026-08-14T21:24:46+09:00	Nihongo-1.34.3-9792-iPhone17ProMax-iOS26.6	private://issue-148/nihongo-scare-you-examples.png	a8d7bf095bd9f479fe2ff2eda9d010980bd673d3e459f1c60c56ebeaf4b39607	ごめん！怖がらせるつもりはなかったんだ。	Sorry! I didn't mean to scare you.	12574578	12373614	true	1	normalized-literal-surface	true	true	true	false	english:12373614	1	issue-148-de8164e
D08	2	2026-08-14T21:24:46+09:00	Nihongo-1.34.3-9792-iPhone17ProMax-iOS26.6	private://issue-148/nihongo-scare-you-examples.png	a8d7bf095bd9f479fe2ff2eda9d010980bd673d3e459f1c60c56ebeaf4b39607	ごめんね、怖がらせるつもりはなかったんだ。	Sorry, I didn't mean to scare you.	2409471	2396319	true	3	normalized-literal-surface	true	true	true	false	english:2396319	1	issue-148-de8164e
D08	3	2026-08-14T21:24:46+09:00	Nihongo-1.34.3-9792-iPhone17ProMax-iOS26.6	private://issue-148/nihongo-scare-you-examples.png	a8d7bf095bd9f479fe2ff2eda9d010980bd673d3e459f1c60c56ebeaf4b39607	もし私が君をこわがらせたいと思ってたら、数週間前に見た夢のことを話してたよ。	If I wanted to scare you, I would have told you about what I dreamt about a few weeks ago.	472836	473875	true	4	normalized-literal-surface	true	true	true	false	english:473875	1	issue-148-de8164e
D08	4	2026-08-14T21:24:46+09:00	Nihongo-1.34.3-9792-iPhone17ProMax-iOS26.6	private://issue-148/nihongo-scare-you-examples.png	a8d7bf095bd9f479fe2ff2eda9d010980bd673d3e459f1c60c56ebeaf4b39607	彼は君に撃たれるのではないかとびくびくしていた。	He was scared you would shoot him.	108058	295628	false	""	sqlite-fts4-porter-phrase-candidate	true	true	true	true	english:295628	1	issue-148-de8164e
D10	1	2026-08-14T21:25:51+09:00	Nihongo-1.34.3-9792-iPhone17ProMax-iOS26.6	private://issue-148/nihongo-startle-you-examples.png	b6bddda5557ae3a235e18bfe8d59db7f7b173948051c29fe6d8d191561dd90bc	びっくりさせるつもりじゃなかった。	I didn't mean to startle you.	1804152	1804150	true	1	normalized-literal-surface	true	true	true	false	english:1804150	1	issue-148-de8164e
D11	1	2026-08-14T21:27:12+09:00	Nihongo-1.34.3-9792-iPhone17ProMax-iOS26.6	private://issue-148/nihongo-startled-me-examples.png	a41ec64c63cfe51052c383b0f4956efb32c4344d116222add9e7aa8eb10f3718	驚くじゃありませんか！	You startled me!	180017	18876	true	1	normalized-literal-surface	true	true	true	true	english:18876	1	issue-148-de8164e
D11	2	2026-08-14T21:27:12+09:00	Nihongo-1.34.3-9792-iPhone17ProMax-iOS26.6	private://issue-148/nihongo-startled-me-examples.png	a41ec64c63cfe51052c383b0f4956efb32c4344d116222add9e7aa8eb10f3718	ドアが不意にバタンとしまったので驚いてしまった。	When the door slammed unexpectedly, it startled me.	201898	39109	true	2	normalized-literal-surface	true	true	true	true	english:39109	1	issue-148-de8164e
D12	1	2026-08-14T23:23:49+09:00	Nihongo-1.34.3-9792-iPhone17ProMax-iOS26.6	private://issue-147/D12-examples-00.jpeg	36d4bd18eb714ccf3f50367a81c6af3ac6a08804f3a9a58b0b6a4d9177b9f4f6	散れ！	Scatter!	13082684	12506664	true	1	normalized-literal-surface	true	true	true	false	english:12506664	1	issue-147-capture-ocr-segment-best-en-0.712
D12	2	2026-08-14T23:23:49+09:00	Nihongo-1.34.3-9792-iPhone17ProMax-iOS26.6	private://issue-147/D12-examples-00.jpeg	36d4bd18eb714ccf3f50367a81c6af3ac6a08804f3a9a58b0b6a4d9177b9f4f6	風が葉を吹き散らした。	The wind scattered the leaves about.	84034	319682	true	2	normalized-literal-surface	true	true	true	true	english:319682	1	issue-147-capture-ocr-exact-en-ja-1.000
D12	3	2026-08-14T23:23:49+09:00	Nihongo-1.34.3-9792-iPhone17ProMax-iOS26.6	private://issue-147/D12-examples-00.jpeg	36d4bd18eb714ccf3f50367a81c6af3ac6a08804f3a9a58b0b6a4d9177b9f4f6	農民が穀物の種を蒔いた。	The peasant scattered the seeds of grain.	121680	282324	true	3	normalized-literal-surface	true	true	true	true	english:282324	1	issue-147-capture-ocr-exact-en-fuzzy-ja-1.000
D12	4	2026-08-14T23:23:49+09:00	Nihongo-1.34.3-9792-iPhone17ProMax-iOS26.6	private://issue-147/D12-examples-00.jpeg	36d4bd18eb714ccf3f50367a81c6af3ac6a08804f3a9a58b0b6a4d9177b9f4f6	農夫が畑に種を蒔いている。	The farmer is scattering seeds over the field.	121693	282312	true	4	normalized-literal-surface	true	true	true	true	english:282312	1	issue-147-capture-ocr-exact-en-fuzzy-ja-1.000
D12	5	2026-08-14T23:23:49+09:00	Nihongo-1.34.3-9792-iPhone17ProMax-iOS26.6	private://issue-147/D12-examples-00.jpeg	36d4bd18eb714ccf3f50367a81c6af3ac6a08804f3a9a58b0b6a4d9177b9f4f6	彼らは四方八方に散らばった。	They were scattered in all directions.	97080	306624	true	7	normalized-literal-surface	true	true	true	true	english:306624	1	issue-147-capture-ocr-exact-en-ja-1.000
D12	6	2026-08-14T23:23:49+09:00	Nihongo-1.34.3-9792-iPhone17ProMax-iOS26.6	private://issue-147/D12-examples-00.jpeg	36d4bd18eb714ccf3f50367a81c6af3ac6a08804f3a9a58b0b6a4d9177b9f4f6	私たちは畑全体に種をまいた。	We scattered seeds all over the field.	165344	249161	true	5	normalized-literal-surface	true	true	true	true	english:249161	1	issue-147-capture-ocr-exact-en-ja-1.000
D12	7	2026-08-14T23:23:49+09:00	Nihongo-1.34.3-9792-iPhone17ProMax-iOS26.6	private://issue-147/D12-examples-01.jpeg	d2ba2bfd825142ab3e7ef3fa2249472b852f3cd7100775da47e6e0b34aee7362	鏡の破片が床に散乱していた。	Fragments of the mirror were scattered on the floor.	180065	18925	true	6	normalized-literal-surface	true	true	true	true	english:18925	1	issue-147-capture-ocr-exact-en-ja-1.000
D12	8	2026-08-14T23:23:49+09:00	Nihongo-1.34.3-9792-iPhone17ProMax-iOS26.6	private://issue-147/D12-examples-02.jpeg	8d79445bf7da83c31135f0f119281024acb388b2dc07850991c9d1c760b6789c	お前の物をその辺りに散らかすな。	Don't scatter your things about.	226945	64293	true	8	normalized-literal-surface	true	true	true	true	english:64293	1	issue-147-capture-ocr-exact-en-ja-1.000
D12	9	2026-08-14T23:23:49+09:00	Nihongo-1.34.3-9792-iPhone17ProMax-iOS26.6	private://issue-147/D12-examples-03.jpeg	3209fe22c7b0ad70fdb3ddc99ef93442001963a8b5a281f830a5c11e2b27e9b5	観客は金切り声を上げて逃げ去った。	With a scream, the spectators scattered.	183814	20939	true	9	normalized-literal-surface	true	true	true	true	english:20939	1	issue-147-capture-ocr-exact-en-ja-1.000
D12	10	2026-08-14T23:23:49+09:00	Nihongo-1.34.3-9792-iPhone17ProMax-iOS26.6	private://issue-147/D12-examples-05.jpeg	5e62848e8c2b49633c1b92faefd3f85f447bb64452cc89ae36a51f86d13fc464	両替人の金を散らし、その台を倒した。	He scattered the coins of the money-changers and overturned their table.	77979	325739	true	12	normalized-literal-surface	true	true	true	true	english:325739	1	issue-147-capture-ocr-exact-en-ja-1.000
D12	11	2026-08-14T23:23:49+09:00	Nihongo-1.34.3-9792-iPhone17ProMax-iOS26.6	private://issue-147/D12-examples-06.jpeg	be8723521d2714bf9b47346be2d1a318a608c7d220a12365d46eb655ac9fcc9a	床一面に新聞紙が撒き散らされていた。	Newspapers lay scattered all over the floor.	146462	268100	true	10	normalized-literal-surface	true	true	true	true	english:268100	1	issue-147-capture-ocr-exact-en-fuzzy-ja-1.000
D12	12	2026-08-14T23:23:49+09:00	Nihongo-1.34.3-9792-iPhone17ProMax-iOS26.6	private://issue-147/D12-examples-08.jpeg	e6c78328585a1b27669bb64c935ecc14a5c12472038f570739feaf190489997b	まだら雲の空は、どしゃ降りの前触れ。	Scattered clouds mean heavy rain.	1614578	11752225	true	11	normalized-literal-surface	true	true	true	false	english:11752225	1	issue-147-capture-ocr-exact-en-fuzzy-ja-1.000
D12	13	2026-08-14T23:23:49+09:00	Nihongo-1.34.3-9792-iPhone17ProMax-iOS26.6	private://issue-147/D12-examples-09.jpeg	dee400c0f03a9e9c2f1276d9e256092b5f5cd7ebf97ad0e22c48981c4738607b	もう・・・タバコの吸殻まで散らばってるし。	Sheesh, you've even got cigarette butts scattered around.	75380	328339	true	15	normalized-literal-surface	true	true	true	true	english:328339	1	issue-147-capture-ocr-exact-en-ja-1.000
D12	14	2026-08-14T23:23:49+09:00	Nihongo-1.34.3-9792-iPhone17ProMax-iOS26.6	private://issue-147/D12-examples-10.jpeg	667d25483149ec6b15cce695564664c59ef0b1876b6fde7ac0914fb2a523414a	突然の物音に鳥たちは散り散りに飛び去った。	The sudden noise scattered the birds.	123319	280679	true	13	normalized-literal-surface	true	true	true	true	english:280679	1	issue-147-capture-ocr-exact-en-ja-1.000
D12	15	2026-08-14T23:23:49+09:00	Nihongo-1.34.3-9792-iPhone17ProMax-iOS26.6	private://issue-147/D12-examples-11.jpeg	8ad49204e9cc669edeb413b93ae873b9058b36fedce3607530997ca3e6781c29	ガラスの破片が、道路一面に散らばってたよ。	Broken glass lay scattered all over the road.	191751	28913	true	14	normalized-literal-surface	true	true	true	true	english:28913	1	issue-147-capture-ocr-exact-en-ja-1.000
D12	16	2026-08-14T23:23:49+09:00	Nihongo-1.34.3-9792-iPhone17ProMax-iOS26.6	private://issue-147/D12-examples-12.jpeg	965ad0c794253416b4317911163cb3e0d9f6451c48585da9d908fe8df43c8d27	空き缶がその場所のあちこちに散らばっていた。	Empty cans were scattered about the place.	179478	18336	true	16	normalized-literal-surface	true	true	true	true	english:18336	1	issue-147-capture-ocr-exact-en-ja-1.000
D12	17	2026-08-14T23:23:49+09:00	Nihongo-1.34.3-9792-iPhone17ProMax-iOS26.6	private://issue-147/D12-examples-14.jpeg	6c8cb0471092dee164424e68d6d14e6a5bacb3e00e5a9f8165581bdf2b11a953	敵を蹴散らし、凱旋した俺はみなにこう呼ばれるんだ！	Having scattered the enemy before me and triumphantly returned, this is how they would herald me.	75858	327860	true	18	normalized-literal-surface	true	true	true	true	english:327860	1	issue-147-capture-ocr-exact-en-fuzzy-ja-1.000
D12	18	2026-08-14T23:23:49+09:00	Nihongo-1.34.3-9792-iPhone17ProMax-iOS26.6	private://issue-147/D12-examples-16.jpeg	29e62b671d3aa4e1f3435b395cf1f3e16727477575d374aaef898c9abe517f73	いつものように、農家の人たちは穀物の種まきで忙しい。	As usual the peasants are busy scattering grain seeds.	228751	66109	true	19	normalized-literal-surface	true	true	true	true	english:66109	1	issue-147-capture-ocr-exact-en-fuzzy-ja-1.000
D12	19	2026-08-14T23:23:49+09:00	Nihongo-1.34.3-9792-iPhone17ProMax-iOS26.6	private://issue-147/D12-examples-17.jpeg	c53ce1572c00efb7e49e645494415588aa997366ca6c09002b83f39479f9dd56	星雲は宇宙全体に散らされ、それらは全くバラバラの大きさです。	Galaxies are scattered throughout the universe and they vary greatly in size.	3960200	3957785	true	20	normalized-literal-surface	true	true	true	false	english:3957785	1	issue-147-capture-ocr-exact-en-fuzzy-ja-1.000
D12	20	2026-08-14T23:23:49+09:00	Nihongo-1.34.3-9792-iPhone17ProMax-iOS26.6	private://issue-147/D12-examples-20.jpeg	f3777dda63b9a66fa1e46d55265d7f641e49911fb2d9ed312ed6f89f06a063e9	娘の部屋でタバコの吸い殻とビールの空き缶が転がってるのを見たトムは、ショックのあまり言葉を失った。	After seeing cigarette butts and empty beer cans scattered all across his daughter's room, Tom was lost for words.	9145798	10070105	true	22	normalized-literal-surface	true	true	true	false	english:10070105	1	issue-147-capture-ocr-exact-en-1.000
D13	1	2026-08-14T23:25:01+09:00	Nihongo-1.34.3-9792-iPhone17ProMax-iOS26.6	private://issue-147/D13-exhaustive-page-000.jpeg	c5edb6947231d52340bf902e564323ec9deb887b4e4f1d6e811c57930900b031	彼は晩学だ。	He acquired education late in his life.	101213	302483	true	1	normalized-literal-surface	true	true	true	true	english:302483	2	issue-147-capture-ocr-exact-en-1.000
D13	2	2026-08-14T23:25:01+09:00	Nihongo-1.34.3-9792-iPhone17ProMax-iOS26.6	private://issue-147/D13-exhaustive-page-000.jpeg	c5edb6947231d52340bf902e564323ec9deb887b4e4f1d6e811c57930900b031	彼は立派な教育を受けた。	He received a good education.	99030	304669	true	9	normalized-literal-surface	true	true	true	true	english:304669	1	issue-147-capture-ocr-exact-en-ja-1.000
D13	3	2026-08-14T23:25:01+09:00	Nihongo-1.34.3-9792-iPhone17ProMax-iOS26.6	private://issue-147/D13-exhaustive-page-000.jpeg	c5edb6947231d52340bf902e564323ec9deb887b4e4f1d6e811c57930900b031	彼女は立派な教育を受けた。	She has received a good education.	86304	317407	true	20	normalized-literal-surface	true	true	true	true	english:317407	1	issue-147-capture-ocr-exact-en-ja-1.000
D13	4	2026-08-14T23:25:01+09:00	Nihongo-1.34.3-9792-iPhone17ProMax-iOS26.6	private://issue-147/D13-exhaustive-page-000.jpeg	c5edb6947231d52340bf902e564323ec9deb887b4e4f1d6e811c57930900b031	彼女は一生を教育に捧げた。	She devoted her life to education.	91148	312566	true	21	normalized-literal-surface	true	true	true	true	english:312566	1	issue-147-capture-ocr-exact-en-ja-1.000
D13	5	2026-08-14T23:25:01+09:00	Nihongo-1.34.3-9792-iPhone17ProMax-iOS26.6	private://issue-147/D13-exhaustive-page-000.jpeg	c5edb6947231d52340bf902e564323ec9deb887b4e4f1d6e811c57930900b031	彼らは子供の教育に熱心だ。	They are earnest about their children's education.	97068	306636	true	22	normalized-literal-surface	true	true	true	true	english:306636	1	issue-147-capture-ocr-exact-en-ja-1.000
D13	6	2026-08-14T23:25:01+09:00	Nihongo-1.34.3-9792-iPhone17ProMax-iOS26.6	private://issue-147/D13-exhaustive-page-000.jpeg	c5edb6947231d52340bf902e564323ec9deb887b4e4f1d6e811c57930900b031	彼は教育の重要性を述べた。	He stated the importance of the education.	108350	295336	true	10	normalized-literal-surface	true	true	true	true	english:295336	1	issue-147-capture-ocr-exact-en-ja-1.000
D13	7	2026-08-14T23:25:18+09:00	Nihongo-1.34.3-9792-iPhone17ProMax-iOS26.6	private://issue-147/D13-exhaustive-page-001.jpeg	ee4afd76382df2e2103a8b8599349c3f247404ee15d8c95b60373d61cec4792b	良い言葉は教育の結果である。	Good speech is the outcome of education.	77885	325833	true	28	normalized-literal-surface	true	true	true	true	english:325833	1	issue-147-capture-ocr-exact-en-ja-1.000
D13	8	2026-08-14T23:25:20+09:00	Nihongo-1.34.3-9792-iPhone17ProMax-iOS26.6	private://issue-147/D13-exhaustive-page-002.jpeg	e3d08d376a5a8292e3563d75848947a55ca0faea150dfca673d46c2eabb9ab75	彼は古典の教育を受けている。	He is a man with a classical education.	107547	296139	true	23	normalized-literal-surface	true	true	true	true	english:296139	1	issue-147-capture-ocr-exact-en-ja-1.000
D13	9	2026-08-14T23:25:22+09:00	Nihongo-1.34.3-9792-iPhone17ProMax-iOS26.6	private://issue-147/D13-exhaustive-page-003.jpeg	1e5a79fbdbaf01da610c7969ad5c0292e9d58bc1af491677927b707410223a99	彼は教育のイロハも知らない。	He doesn't even know the elements of an education.	108352	295334	true	25	normalized-literal-surface	true	true	true	true	english:295334	1	issue-147-capture-ocr-exact-en-fuzzy-ja-1.000
D13	10	2026-08-14T23:25:23+09:00	Nihongo-1.34.3-9792-iPhone17ProMax-iOS26.6	private://issue-147/D13-exhaustive-page-004.jpeg	1b157c9b423cd5c8fb5fd6d56821fa1964321bd1a9577b8f787fe64527e7fc5f	彼女は古典の教育を受けている。	She is a woman with a classical education.	90195	313518	true	37	normalized-literal-surface	true	true	true	true	english:313518	1	issue-147-capture-ocr-exact-en-ja-1.000
D13	11	2026-08-14T23:25:25+09:00	Nihongo-1.34.3-9792-iPhone17ProMax-iOS26.6	private://issue-147/D13-exhaustive-page-005.jpeg	b3bb10274bdceaec7fb7017854939d6cb9e04ecdba5ecdaad11cbe8b4213b978	彼女は教育の重要性を力説した。	She emphasized the importance of education.	90461	313252	true	38	normalized-literal-surface	true	true	true	true	english:313252	1	issue-147-capture-ocr-exact-en-ja-1.000
D13	12	2026-08-14T23:25:27+09:00	Nihongo-1.34.3-9792-iPhone17ProMax-iOS26.6	private://issue-147/D13-exhaustive-page-006.jpeg	462d3e988b69d542405bf06028346c3bf6e3a1b39af2362d02a8aaf4b9d525f5	彼は教育制度の改革を提案した。	He proposed a reform in the educational system.	108344	295342	true	29	normalized-literal-surface	true	true	true	true	english:295342	1	issue-147-capture-ocr-exact-en-ja-1.000
D13	13	2026-08-14T23:25:29+09:00	Nihongo-1.34.3-9792-iPhone17ProMax-iOS26.6	private://issue-147/D13-exhaustive-page-008.jpeg	aaaf1d0e4b0950f0dd7feca7ade1414084bb90b590ea192ff4caf356935fe755	彼は教育を生涯の仕事に選んだ。	He chose education for his career.	108346	295340	true	30	normalized-literal-surface	true	true	true	true	english:295340	1	issue-147-capture-ocr-exact-en-ja-1.000
D13	14	2026-08-14T23:25:31+09:00	Nihongo-1.34.3-9792-iPhone17ProMax-iOS26.6	private://issue-147/D13-exhaustive-page-009.jpeg	f0a4d92cdb6d5bdcc7b783bae199a0c8691d27a258bed32b44bd1fe7909f08dc	両親は子供達の教育に責任を負う。	Parents are responsible for their children's education.	78013	269755	true	54	normalized-literal-surface	true	true	true	true	english:269755	3	issue-147-capture-ocr-exact-en-ja-1.000
D13	15	2026-08-14T23:25:31+09:00	Nihongo-1.34.3-9792-iPhone17ProMax-iOS26.6	private://issue-147/D13-exhaustive-page-009.jpeg	f0a4d92cdb6d5bdcc7b783bae199a0c8691d27a258bed32b44bd1fe7909f08dc	両親は子どもの教育に対して責任がある。	Parents are responsible for their children's education.	78015	269755	true	88	normalized-literal-surface	true	true	true	true	english:269755	3	issue-147-capture-ocr-exact-en-fuzzy-ja-1.000
D13	16	2026-08-14T23:25:33+09:00	Nihongo-1.34.3-9792-iPhone17ProMax-iOS26.6	private://issue-147/D13-exhaustive-page-010.jpeg	7db2d7e952530bb64cc1f9d98237d7833e352802cd4d2bc3db26dee7d5c2913c	旅はよりよい教育法の一つである。	Travel is one of the better forms of education.	78201	325517	true	55	normalized-literal-surface	true	true	true	true	english:325517	1	issue-147-capture-ocr-exact-en-ja-1.000
D13	17	2026-08-14T23:25:36+09:00	Nihongo-1.34.3-9792-iPhone17ProMax-iOS26.6	private://issue-147/D13-exhaustive-page-012.jpeg	9e9bc4b4fd6445bf8fd33f11fb1bb4b04baca10272dc39568b793648e12a8809	試験が教育を駄目にしていると思う。	I think exams are ruining education.	5017	1611	true	63	normalized-literal-surface	true	true	true	false	english:1611	1	issue-147-capture-ocr-segment-best-en-0.917
D13	18	2026-08-14T23:25:37+09:00	Nihongo-1.34.3-9792-iPhone17ProMax-iOS26.6	private://issue-147/D13-exhaustive-page-013.jpeg	183b8662d650892e63e1b022b9aa05d4b2b2b7c56f03d837781e3cfc73680af6	彼は大学教育の改革を主張している。	He advocates reform of university education.	102432	301262	true	56	normalized-literal-surface	true	true	true	true	english:301262	1	issue-147-capture-ocr-exact-en-ja-1.000
D13	19	2026-08-14T23:25:39+09:00	Nihongo-1.34.3-9792-iPhone17ProMax-iOS26.6	private://issue-147/D13-exhaustive-page-014.jpeg	676811de1fe14f9910455054b8babf0ac712e73a81b1fd63e281e7a637cceaa8	パパはラテン語の素養もあったのです。	Papa had a classical education.	74442	329277	true	71	normalized-literal-surface	true	true	true	true	english:329277	1	issue-147-capture-ocr-exact-en-ja-1.000
D13	20	2026-08-14T23:25:40+09:00	Nihongo-1.34.3-9792-iPhone17ProMax-iOS26.6	private://issue-147/D13-exhaustive-page-015.jpeg	4eab218205ffce2115cd92763fe31da9116d189e1e0d759f025b87b5356def18	彼は子供たちに良い教育を受けさせた。	He gave his children a good education.	106559	297126	true	65	normalized-literal-surface	true	true	true	true	english:297126	2	issue-147-capture-ocr-exact-en-ja-1.000
D14	1	2026-08-14T23:30:39+09:00	Nihongo-1.34.3-9792-iPhone17ProMax-iOS26.6	private://issue-147/D14-exhaustive-page-000.jpeg	bc060bd0e45dd1205991bf4bce74ac19ef7e0a2cd30e577a12a8e669c88aadfa	名案が心に浮かんだ。	A great idea presented itself in my mind.	80816	322899	true	49	normalized-literal-surface	true	true	true	true	english:322899	1	issue-147-capture-ocr-exact-en-1.000
D14	2	2026-08-14T23:30:39+09:00	Nihongo-1.34.3-9792-iPhone17ProMax-iOS26.6	private://issue-147/D14-exhaustive-page-000.jpeg	bc060bd0e45dd1205991bf4bce74ac19ef7e0a2cd30e577a12a8e669c88aadfa	風は種を遠くへ運ぶ。	The wind carries seeds for great distances.	84010	319707	true	50	normalized-literal-surface	true	true	true	true	english:319707	1	issue-147-capture-ocr-exact-en-ja-1.000
D14	3	2026-08-14T23:30:39+09:00	Nihongo-1.34.3-9792-iPhone17ProMax-iOS26.6	private://issue-147/D14-exhaustive-page-000.jpeg	bc060bd0e45dd1205991bf4bce74ac19ef7e0a2cd30e577a12a8e669c88aadfa	平和はとても大切です。	Peace is of great importance.	83539	320177	true	80	normalized-literal-surface	true	true	true	true	english:320177	1	issue-147-capture-ocr-exact-en-ja-1.000
D14	4	2026-08-14T23:30:39+09:00	Nihongo-1.34.3-9792-iPhone17ProMax-iOS26.6	private://issue-147/D14-exhaustive-page-000.jpeg	bc060bd0e45dd1205991bf4bce74ac19ef7e0a2cd30e577a12a8e669c88aadfa	鈴木氏は偉大な科学者だ。	Mr Suzuki is a great scientist.	77610	326108	false	""	normalized-literal-surface	true	true	true	true	english:326108	1	issue-147-capture-ocr-exact-en-ja-1.000
D14	5	2026-08-14T23:30:39+09:00	Nihongo-1.34.3-9792-iPhone17ProMax-iOS26.6	private://issue-147/D14-exhaustive-page-000.jpeg	bc060bd0e45dd1205991bf4bce74ac19ef7e0a2cd30e577a12a8e669c88aadfa	本当にすばらしいですね。	That's really great!	81547	273617	false	""	normalized-literal-surface	true	true	true	true	english:273617	1	issue-147-capture-ocr-exact-en-ja-1.000
D14	6	2026-08-14T23:30:39+09:00	Nihongo-1.34.3-9792-iPhone17ProMax-iOS26.6	private://issue-147/D14-exhaustive-page-000.jpeg	bc060bd0e45dd1205991bf4bce74ac19ef7e0a2cd30e577a12a8e669c88aadfa	日本語版があったらいいな。	It would be great if there was a Japanese edition.	75820	327898	false	""	normalized-literal-surface	true	true	true	true	english:327898	1	issue-147-capture-ocr-exact-en-ja-1.000
D14	7	2026-08-14T23:30:48+09:00	Nihongo-1.34.3-9792-iPhone17ProMax-iOS26.6	private://issue-147/D14-exhaustive-page-001.jpeg	7624b30e95e169b9b53ba4720550b0f38deb87db76d87bc5288aea061f558883	嵐は作物に大損害を与えた。	The storm did great harm to the crop.	78411	325305	false	""	normalized-literal-surface	true	true	true	true	english:325305	1	issue-147-capture-ocr-exact-en-ja-1.000
D14	8	2026-08-14T23:30:48+09:00	Nihongo-1.34.3-9792-iPhone17ProMax-iOS26.6	private://issue-147/D14-exhaustive-page-001.jpeg	7624b30e95e169b9b53ba4720550b0f38deb87db76d87bc5288aea061f558883	野口英世は偉大な人だった。	Hideyo Noguchi was a great man.	79605	324113	false	""	normalized-literal-surface	true	true	true	true	english:324113	1	issue-147-capture-ocr-exact-en-ja-1.000
D14	9	2026-08-14T23:30:50+09:00	Nihongo-1.34.3-9792-iPhone17ProMax-iOS26.6	private://issue-147/D14-exhaustive-page-002.jpeg	3d95cec55ad11b25bd3cab8216fd557f02659df7435237f53f9633401da30a91	豊かさの配分は大問題だね。	How to distribute abundance is a great problem.	82623	321093	false	""	normalized-literal-surface	true	true	true	true	english:321093	1	issue-147-capture-ocr-segment-best-en-0.795
D14	10	2026-08-14T23:30:53+09:00	Nihongo-1.34.3-9792-iPhone17ProMax-iOS26.6	private://issue-147/D14-exhaustive-page-004.jpeg	13b3a8d09f8cd6633293b160bab7a893b59f73d9a8766d8ceb7a549ecaf4d2f8	目に見える星の数は無数です。	The number of visible stars is very great.	79973	323744	false	""	normalized-literal-surface	true	true	true	true	english:323744	1	issue-147-capture-ocr-exact-en-ja-1.000
D14	11	2026-08-14T23:30:53+09:00	Nihongo-1.34.3-9792-iPhone17ProMax-iOS26.6	private://issue-147/D14-exhaustive-page-004.jpeg	13b3a8d09f8cd6633293b160bab7a893b59f73d9a8766d8ceb7a549ecaf4d2f8	北海道では雪がたくさん降る。	They get a great deal of snow in Hokkaido.	82451	321264	false	""	normalized-literal-surface	true	true	true	true	english:321264	1	issue-147-capture-ocr-exact-en-ja-1.000
D14	12	2026-08-14T23:30:55+09:00	Nihongo-1.34.3-9792-iPhone17ProMax-iOS26.6	private://issue-147/D14-exhaustive-page-005.jpeg	eb082a8b1f880f241a96b05f579de54a4d6b814569a70bd2d95856c9a0163d49	母の愛ほど偉大なものはない。	Nothing is as great as maternal love.	83125	320591	false	""	normalized-literal-surface	true	true	true	true	english:320591	1	issue-147-capture-ocr-exact-en-ja-1.000
D14	13	2026-08-14T23:30:58+09:00	Nihongo-1.34.3-9792-iPhone17ProMax-iOS26.6	private://issue-147/D14-exhaustive-page-007.jpeg	9ace86d0df3667c185f40732f1a699127ab1a933e35cd0a10f0b32f74d3fb62b	勇敢さは素晴らしい美徳である。	Bravery is a great virtue.	79416	324301	false	""	normalized-literal-surface	true	true	true	true	english:324301	1	issue-147-capture-ocr-exact-en-ja-1.000
D14	14	2026-08-14T23:31:00+09:00	Nihongo-1.34.3-9792-iPhone17ProMax-iOS26.6	private://issue-147/D14-exhaustive-page-008.jpeg	149e15afc56f2b9beee2f9d07cadc12e9bfba574bd562952af9d4df8e228150b	毎年たくさんの事故が発生する。	A great number of accidents happen every year.	81246	322469	false	""	normalized-literal-surface	true	true	true	true	english:322469	1	issue-147-capture-ocr-exact-en-ja-1.000
D14	15	2026-08-14T23:31:01+09:00	Nihongo-1.34.3-9792-iPhone17ProMax-iOS26.6	private://issue-147/D14-exhaustive-page-009.jpeg	83583925536bf4e0c5122210fee1c2518922dc0f8b1f91ef14700bdaf01762aa	野鳥を観察するのはとても面白い。	Watching wild birds is great fun.	79585	324133	false	""	normalized-literal-surface	true	true	true	true	english:324133	1	issue-147-capture-ocr-exact-en-ja-1.000
D14	16	2026-08-14T23:31:03+09:00	Nihongo-1.34.3-9792-iPhone17ProMax-iOS26.6	private://issue-147/D14-exhaustive-page-010.jpeg	ee802e04fe42d1089ae399992789aab90427e294a9b95021eae6308da3bb2822	その瞬間、大音響とともに爆発した。	At that instant it exploded with a great noise.	74572	329147	false	""	normalized-literal-surface	true	true	true	true	english:329147	1	issue-147-capture-ocr-exact-en-fuzzy-ja-1.000
D14	17	2026-08-14T23:31:04+09:00	Nihongo-1.34.3-9792-iPhone17ProMax-iOS26.6	private://issue-147/D14-exhaustive-page-011.jpeg	032dda5e774d2fffabf0e1235247ca69038ad7fd6229eb744ff3cff723031a71	両親の喜びようはとても大きかった。	Great was the delight of his parents.	78036	325682	false	""	normalized-literal-surface	true	true	true	true	english:325682	1	issue-147-capture-ocr-exact-en-ja-1.000
D14	18	2026-08-14T23:31:24+09:00	Nihongo-1.34.3-9792-iPhone17ProMax-iOS26.6	private://issue-147/D14-exhaustive-page-013.jpeg	a58cf9562385dd2b517f3763ed5dd8da1b7241677314cc023d80dfb2fb368813	いわゆる裏方仕事もたくさんあります。	There's also a great deal of so called behind-the-scenes work.	74331	329389	false	""	normalized-literal-surface	true	true	true	true	english:329389	1	issue-147-capture-ocr-exact-en-ja-1.000
D14	19	2026-08-14T23:31:25+09:00	Nihongo-1.34.3-9792-iPhone17ProMax-iOS26.6	private://issue-147/D14-exhaustive-page-014.jpeg	08ee9bc9acfe399d4b0a8454683d1e7f34cb0ad8730fb40d08ff507aba179a92	毎年沢山の数の書物が出版されている。	A great number of books are published every year.	81235	322480	false	""	normalized-literal-surface	true	true	true	true	english:322480	1	issue-147-capture-ocr-exact-en-ja-1.000
D14	20	2026-08-14T23:31:27+09:00	Nihongo-1.34.3-9792-iPhone17ProMax-iOS26.6	private://issue-147/D14-exhaustive-page-015.jpeg	87acde522f85040d953657e118c2c6417f020c868259d35da21a6c68bb216982	皆さんは、モラルを大切にしていますか。	Do you all place great importance on morals?	74321	329399	false	""	normalized-literal-surface	true	true	true	true	english:329399	1	issue-147-capture-ocr-exact-en-ja-1.000
D15	1	2026-08-14T23:34:23+09:00	Nihongo-1.34.3-9792-iPhone17ProMax-iOS26.6	private://issue-147/D15-exhaustive-page-000.jpeg	316fafe32a461fef80f18984f2c3aa1edbd4aa2e7d94d23703a7f61f4d009ab0	いいね！	Neat!	13080161	10976470	true	1	normalized-literal-surface	true	true	true	false	english:10976470	1	issue-147-capture-ocr-exact-en-ja-1.000
D15	2	2026-08-14T23:34:23+09:00	Nihongo-1.34.3-9792-iPhone17ProMax-iOS26.6	private://issue-147/D15-exhaustive-page-000.jpeg	316fafe32a461fef80f18984f2c3aa1edbd4aa2e7d94d23703a7f61f4d009ab0	彼女は字がとても上手です。	She has very neat handwriting.	89186	314520	true	5	normalized-literal-surface	true	true	true	true	english:314520	1	issue-147-capture-ocr-exact-en-ja-1.000
D15	3	2026-08-14T23:34:23+09:00	Nihongo-1.34.3-9792-iPhone17ProMax-iOS26.6	private://issue-147/D15-exhaustive-page-000.jpeg	316fafe32a461fef80f18984f2c3aa1edbd4aa2e7d94d23703a7f61f4d009ab0	彼はウイスキーを生で飲んだ。	He took a drink of whiskey neat.	114346	289326	true	7	normalized-literal-surface	true	true	true	true	english:289326	1	issue-147-capture-ocr-exact-en-ja-1.000
D15	4	2026-08-14T23:34:23+09:00	Nihongo-1.34.3-9792-iPhone17ProMax-iOS26.6	private://issue-147/D15-exhaustive-page-000.jpeg	316fafe32a461fef80f18984f2c3aa1edbd4aa2e7d94d23703a7f61f4d009ab0	彼女はいつも清潔な感じがする。	She is always neat and tidy.	88369	315338	true	16	normalized-literal-surface	true	true	true	true	english:315338	1	issue-147-capture-ocr-exact-en-ja-1.000
D15	5	2026-08-14T23:34:23+09:00	Nihongo-1.34.3-9792-iPhone17ProMax-iOS26.6	private://issue-147/D15-exhaustive-page-000.jpeg	316fafe32a461fef80f18984f2c3aa1edbd4aa2e7d94d23703a7f61f4d009ab0	彼の部屋は小奇麗とは到底言えない。	His room is anything but neat.	116204	287459	true	22	normalized-literal-surface	true	true	true	true	english:287459	2	issue-147-capture-ocr-exact-en-fuzzy-ja-1.000
D15	6	2026-08-14T23:34:23+09:00	Nihongo-1.34.3-9792-iPhone17ProMax-iOS26.6	private://issue-147/D15-exhaustive-page-000.jpeg	316fafe32a461fef80f18984f2c3aa1edbd4aa2e7d94d23703a7f61f4d009ab0	彼の部屋は決してきちんとしていない。	His room is anything but neat.	116207	287459	true	27	normalized-literal-surface	true	true	true	true	english:287459	2	issue-147-capture-ocr-exact-en-ja-1.000
D15	7	2026-08-14T23:34:31+09:00	Nihongo-1.34.3-9792-iPhone17ProMax-iOS26.6	private://issue-147/D15-exhaustive-page-001.jpeg	58298b516a4bd8872e53342b704d0d281b02deb1b6f0545766697b31a4481d1f	彼女は部屋をいつもきれいにしている。	She always keeps her room neat and tidy.	86871	316839	true	31	normalized-literal-surface	true	true	true	true	english:316839	1	issue-147-capture-ocr-exact-en-ja-1.000
D15	8	2026-08-14T23:34:32+09:00	Nihongo-1.34.3-9792-iPhone17ProMax-iOS26.6	private://issue-147/D15-exhaustive-page-002.jpeg	062ff7e20289069536ab25359bc247d092597427a0599b9b499abb5e9e3b2e18	ちょっと、これマジかわいい！	Hey, that's really neat.	3576156	3575411	true	9	normalized-literal-surface	true	true	true	false	english:3575411	1	issue-147-capture-ocr-exact-en-ja-1.000
D15	9	2026-08-14T23:34:32+09:00	Nihongo-1.34.3-9792-iPhone17ProMax-iOS26.6	private://issue-147/D15-exhaustive-page-002.jpeg	062ff7e20289069536ab25359bc247d092597427a0599b9b499abb5e9e3b2e18	彼女の髪は美しい巻き髪になっていた。	Her hair hung in neat coils.	94064	309642	true	32	normalized-literal-surface	true	true	true	true	english:309642	1	issue-147-capture-ocr-exact-en-ja-1.000
D15	10	2026-08-14T23:34:33+09:00	Nihongo-1.34.3-9792-iPhone17ProMax-iOS26.6	private://issue-147/D15-exhaustive-page-003.jpeg	fe02060e0c8b448118678a5a65a381f9f9c1c750c0a979561223adbe6254ff38	彼らはいすを集めて整然と列に並べた。	They assembled the chairs in neat rows.	98208	305494	true	33	normalized-literal-surface	true	true	true	true	english:305494	1	issue-147-capture-ocr-exact-en-ja-1.000
D15	11	2026-08-14T23:34:37+09:00	Nihongo-1.34.3-9792-iPhone17ProMax-iOS26.6	private://issue-147/D15-exhaustive-page-006.jpeg	30c1ad03466680ff40dd72e220f14b287724dfa3974cf862d4df645c94da20a1	彼はいつも部屋をきちんと整頓している。	He always keeps his room as neat as a pin.	114463	289208	true	36	normalized-literal-surface	true	true	true	true	english:289208	1	issue-147-capture-ocr-exact-en-ja-1.000
D15	12	2026-08-14T23:34:39+09:00	Nihongo-1.34.3-9792-iPhone17ProMax-iOS26.6	private://issue-147/D15-exhaustive-page-007.jpeg	56a7228abd470665da78510d03c1ebdb70b5e315efcfee1aab0facd40565e55b	自分の部屋はきちんと片づけておきなさい。	Keep your room neat and tidy.	149774	264784	true	39	normalized-literal-surface	true	true	true	true	english:264784	1	issue-147-capture-ocr-exact-en-ja-1.000
D15	13	2026-08-14T23:34:40+09:00	Nihongo-1.34.3-9792-iPhone17ProMax-iOS26.6	private://issue-147/D15-exhaustive-page-008.jpeg	0d5e3765545740d20416e43c02259b0fecd7c79b6d82902b223365ac53510b7d	部屋の隅に本がきちんと積み重ねられていた。	There was a neat pile of books in the corner of the room.	84189	319526	true	43	normalized-literal-surface	true	true	true	true	english:319526	1	issue-147-capture-ocr-exact-en-ja-1.000
D15	14	2026-08-14T23:34:42+09:00	Nihongo-1.34.3-9792-iPhone17ProMax-iOS26.6	private://issue-147/D15-exhaustive-page-009.jpeg	71dbd09c21c968a49c13496aec12aa48b91bdb540b2e7fc42480a91436ae6610	杉本夫人はいつもこぎれいな着物を着ている。	Mrs. Sugimoto always wears neat clothes.	143490	271077	true	41	normalized-literal-surface	true	true	true	true	english:271077	1	issue-147-capture-ocr-exact-en-fuzzy-ja-1.000
D15	15	2026-08-14T23:34:45+09:00	Nihongo-1.34.3-9792-iPhone17ProMax-iOS26.6	private://issue-147/D15-exhaustive-page-011.jpeg	7a45e282038645a852890bcc6c6bbf25be063c6b3a222949952743c1dba92174	自分の部屋は出来るだけきちんとしておきたい。	I want to keep my room as neat as possible.	149773	264785	true	45	normalized-literal-surface	true	true	true	true	english:264785	1	issue-147-capture-ocr-segment-best-en-0.937
D15	16	2026-08-14T23:34:46+09:00	Nihongo-1.34.3-9792-iPhone17ProMax-iOS26.6	private://issue-147/D15-exhaustive-page-012.jpeg	991e694a7dc8f5e3b46d8a74ca14e4a361fe1cb67ffb3ac153c9712330dd9812	自分の部屋はできるだけ整理整頓しておきなさい。	Keep your room as neat as you can.	1189189	264786	true	47	normalized-literal-surface	true	true	true	false	english:264786	2	issue-147-capture-ocr-exact-en-ja-1.000
D15	17	2026-08-14T23:34:46+09:00	Nihongo-1.34.3-9792-iPhone17ProMax-iOS26.6	private://issue-147/D15-exhaustive-page-012.jpeg	991e694a7dc8f5e3b46d8a74ca14e4a361fe1cb67ffb3ac153c9712330dd9812	自分の部屋は出来るだけきちんとしておきなさい。	Keep your room as neat as you can.	149772	264786	true	48	normalized-literal-surface	true	true	true	true	english:264786	2	issue-147-capture-ocr-exact-en-ja-1.000
D15	18	2026-08-14T23:34:51+09:00	Nihongo-1.34.3-9792-iPhone17ProMax-iOS26.6	private://issue-147/D15-exhaustive-page-015.jpeg	352a6675e0e4aacb17c673e56f9e9d156c0e9edd7bcdc19642c3de1e46eca676	きちんとした身なりをしていられないほど貧しい人はいない。	No one is so poor that he cannot afford to be neat.	226050	63390	true	52	normalized-literal-surface	true	true	true	true	english:63390	1	issue-147-capture-ocr-exact-en-fuzzy-ja-1.000
D15	19	2026-08-14T23:34:53+09:00	Nihongo-1.34.3-9792-iPhone17ProMax-iOS26.6	private://issue-147/D15-exhaustive-page-016.jpeg	1b9dcfb4af3e455ed9a3e6dbc55ce9a011875fe654b01bc232fa5ab3448acad3	彼の別荘はこぎれいで快適。その上、１０人も泊まることができる。	His cottage is neat and comfortable; moreover, it can accommodate as many as ten people.	116188	287481	true	54	normalized-literal-surface	true	true	true	true	english:287481	1	issue-147-capture-ocr-exact-en-fuzzy-ja-1.000
D16	1	2026-08-14T23:35:37+09:00	Nihongo-1.34.3-9792-iPhone17ProMax-iOS26.6	private://issue-147/D16-exhaustive-page-000.jpeg	d64bedb0060f6452394587425458bfa45babeb68a58c80927b0aa38ab4d4a072	彼は動作がはやい。	He acts quickly.	115417	288254	true	12	normalized-literal-surface	true	true	true	true	english:288254	1	issue-147-capture-ocr-exact-en-ja-1.000
D16	2	2026-08-14T23:35:37+09:00	Nihongo-1.34.3-9792-iPhone17ProMax-iOS26.6	private://issue-147/D16-exhaustive-page-000.jpeg	d64bedb0060f6452394587425458bfa45babeb68a58c80927b0aa38ab4d4a072	馬は走るのが速い。	A horse runs quickly.	121618	282387	true	13	normalized-literal-surface	true	true	true	true	english:282387	1	issue-147-capture-ocr-exact-en-ja-1.000
D16	3	2026-08-14T23:35:37+09:00	Nihongo-1.34.3-9792-iPhone17ProMax-iOS26.6	private://issue-147/D16-exhaustive-page-000.jpeg	d64bedb0060f6452394587425458bfa45babeb68a58c80927b0aa38ab4d4a072	流行はすぐ変わります。	Fashions change quickly.	78253	325464	true	48	normalized-literal-surface	true	true	true	true	english:325464	1	issue-147-capture-ocr-exact-en-ja-1.000
D16	4	2026-08-14T23:35:37+09:00	Nihongo-1.34.3-9792-iPhone17ProMax-iOS26.6	private://issue-147/D16-exhaustive-page-000.jpeg	d64bedb0060f6452394587425458bfa45babeb68a58c80927b0aa38ab4d4a072	年月が過ぎるのは早い。	The years pass by quickly.	121809	282196	true	36	normalized-literal-surface	true	true	true	true	english:282196	1	issue-147-capture-ocr-exact-en-ja-1.000
D16	5	2026-08-14T23:35:37+09:00	Nihongo-1.34.3-9792-iPhone17ProMax-iOS26.6	private://issue-147/D16-exhaustive-page-000.jpeg	d64bedb0060f6452394587425458bfa45babeb68a58c80927b0aa38ab4d4a072	霧が急に濃くなってきた。	The fog was thickening quickly.	80867	322848	true	68	normalized-literal-surface	true	true	true	true	english:322848	1	issue-147-capture-ocr-exact-en-ja-1.000
D16	6	2026-08-14T23:35:37+09:00	Nihongo-1.34.3-9792-iPhone17ProMax-iOS26.6	private://issue-147/D16-exhaustive-page-000.jpeg	d64bedb0060f6452394587425458bfa45babeb68a58c80927b0aa38ab4d4a072	彼女はすばやく服を着た。	She dressed herself quickly.	92690	311019	true	70	normalized-literal-surface	true	true	true	true	english:311019	1	issue-147-capture-ocr-exact-en-ja-1.000
D16	7	2026-08-14T23:35:37+09:00	Nihongo-1.34.3-9792-iPhone17ProMax-iOS26.6	private://issue-147/D16-exhaustive-page-000.jpeg	d64bedb0060f6452394587425458bfa45babeb68a58c80927b0aa38ab4d4a072	彼は動きがびんしょうだ。	He moves quickly.	101661	302031	true	51	normalized-literal-surface	true	true	true	true	english:302031	2	issue-147-capture-ocr-exact-en-ja-1.000
D16	8	2026-08-14T23:35:47+09:00	Nihongo-1.34.3-9792-iPhone17ProMax-iOS26.6	private://issue-147/D16-exhaustive-page-001.jpeg	c746634b95fc40aa6fad40df933fb21f4c4c7f8539592067a94cac1f8fb5599a	彼はすぐに風邪が治った。	He was quickly cured of his cold.	113438	290235	true	56	normalized-literal-surface	true	true	true	true	english:290235	1	issue-147-capture-ocr-exact-en-ja-1.000
D16	9	2026-08-14T23:35:48+09:00	Nihongo-1.34.3-9792-iPhone17ProMax-iOS26.6	private://issue-147/D16-exhaustive-page-002.jpeg	9319cf40e561cea28c5ae3091c618d3afc1118c16464536b620609293faf2360	彼女は急に老け込んできた。	She was aging quickly.	90521	313191	true	86	normalized-literal-surface	true	true	true	true	english:313191	1	issue-147-capture-ocr-exact-en-ja-1.000
D16	10	2026-08-14T23:35:50+09:00	Nihongo-1.34.3-9792-iPhone17ProMax-iOS26.6	private://issue-147/D16-exhaustive-page-003.jpeg	a84960506094e28f0c58e5d6aa2a941bb25f4353af9400362b16a8c3a5f1adf5	彼は年なので速く歩けない。	He is too old to walk quickly.	101378	302319	true	72	normalized-literal-surface	true	true	true	true	english:302319	1	issue-147-capture-ocr-exact-en-ja-1.000
D16	11	2026-08-14T23:35:52+09:00	Nihongo-1.34.3-9792-iPhone17ProMax-iOS26.6	private://issue-147/D16-exhaustive-page-004.jpeg	09434db38a46b842b05b8c83f4b4a6513fb8b1fefad1bcf65990bf4f9f5904fe	彼は人混みに素早く姿を消した。	He lost himself quickly in the crowd.	103556	300137	false	""	normalized-literal-surface	true	true	true	true	english:300137	1	issue-147-capture-ocr-exact-en-fuzzy-ja-1.000
D16	12	2026-08-14T23:35:53+09:00	Nihongo-1.34.3-9792-iPhone17ProMax-iOS26.6	private://issue-147/D16-exhaustive-page-005.jpeg	c65c92811346bb3805a386b7ebc05e26825c57050409118c34fdb858598d4a65	彼はロシア語を素早く習得した。	He acquired Russian quickly.	110314	293374	false	""	normalized-literal-surface	true	true	true	true	english:293374	1	issue-147-capture-ocr-exact-en-ja-1.000
D16	13	2026-08-14T23:35:55+09:00	Nihongo-1.34.3-9792-iPhone17ProMax-iOS26.6	private://issue-147/D16-exhaustive-page-006.jpeg	07919cf84158222bdb17ae23861d79d2a61911e64bd80414aa5a2e8d87ae76a2	彼はすばやく部屋を出ていった。	He quickly went out of the room.	113361	290312	false	""	normalized-literal-surface	true	true	true	true	english:290312	1	issue-147-capture-ocr-exact-en-ja-1.000
D16	14	2026-08-14T23:35:56+09:00	Nihongo-1.34.3-9792-iPhone17ProMax-iOS26.6	private://issue-147/D16-exhaustive-page-007.jpeg	a74e7cef778837ec40bf33ef2ca722be80f97cdce683ed1c482099721bbf406f	彼女はすばやく後ろを振り向いた。	She turned around quickly.	92692	311017	false	""	normalized-literal-surface	true	true	true	true	english:311017	1	issue-147-capture-ocr-exact-en-ja-1.000
D16	15	2026-08-14T23:35:58+09:00	Nihongo-1.34.3-9792-iPhone17ProMax-iOS26.6	private://issue-147/D16-exhaustive-page-008.jpeg	6d227e347f0d7edd9de74f54e9a41f65fd2640dce618a5524b76ac7b139b68e0	彼女の心臓は恐怖で早鐘を打った。	Her heart beat quickly out of fear.	94266	309440	false	""	normalized-literal-surface	true	true	true	true	english:309440	1	issue-147-capture-ocr-exact-en-ja-1.000
D16	16	2026-08-14T23:36:01+09:00	Nihongo-1.34.3-9792-iPhone17ProMax-iOS26.6	private://issue-147/D16-exhaustive-page-010.jpeg	15bbbb0a67848752270ab6021df212f6a21298294441693e58f69672e1d4626f	彼らはその変化に素早く順応した。	They adapted themselves to the change quickly.	97854	305850	false	""	normalized-literal-surface	true	true	true	true	english:305850	1	issue-147-capture-ocr-exact-en-ja-1.000
D16	17	2026-08-14T23:36:02+09:00	Nihongo-1.34.3-9792-iPhone17ProMax-iOS26.6	private://issue-147/D16-exhaustive-page-011.jpeg	c141f07f4c6b02157abc2e72b7276e69d26ccc2123810efcac6f245ff56c2850	彼は目に見えて快方に向っている。	He is getting better quickly.	99522	304175	false	""	normalized-literal-surface	true	true	true	true	english:304175	1	issue-147-capture-ocr-exact-en-fuzzy-ja-1.000
D16	18	2026-08-14T23:36:04+09:00	Nihongo-1.34.3-9792-iPhone17ProMax-iOS26.6	private://issue-147/D16-exhaustive-page-012.jpeg	fb3f44fa4a28b060c44ee45efbfcfdb68e4193f1e2554f46abe2de9f9c3d173f	彼は素早くフランス語を習得した。	He acquired French quickly.	102889	300805	false	""	normalized-literal-surface	true	true	true	true	english:300805	1	issue-147-capture-ocr-exact-en-ja-1.000
D16	19	2026-08-14T23:36:06+09:00	Nihongo-1.34.3-9792-iPhone17ProMax-iOS26.6	private://issue-147/D16-exhaustive-page-013.jpeg	89fd332abb5c573b154e6b37cf3b6c880956dfb7b9382dd8fac3748e4ce64c15	彼は新しい環境にすばやく慣れた。	He quickly accustomed himself to his new surroundings.	103825	299867	false	""	normalized-literal-surface	true	true	true	true	english:299867	1	issue-147-capture-ocr-exact-en-ja-1.000
D16	20	2026-08-14T23:36:09+09:00	Nihongo-1.34.3-9792-iPhone17ProMax-iOS26.6	private://issue-147/D16-exhaustive-page-015.jpeg	a2631087e04d054183715b6088e5c53196d431badd8748f1a8f5860688423568	反応が早ければ点数が上がります。	You'll get brownie points if you respond quickly.	121253	282753	false	""	normalized-literal-surface	true	true	true	true	english:282753	1	issue-147-capture-ocr-exact-en-ja-1.000
D17	1	2026-08-14T23:42:54+09:00	Nihongo-1.34.3-9792-iPhone17ProMax-iOS26.6	private://issue-147/D17-exhaustive-page-000.jpeg	28e9ea343ded86d7ee57f0cf01eabe2c93f393212ddec0f032f416444e4c7a3c	病は気から。	Care killed a cat.	85345	269036	false	""	normalized-literal-surface	true	true	true	true	english:269036	2	issue-147-capture-ocr-exact-en-ja-1.000
D17	2	2026-08-14T23:42:54+09:00	Nihongo-1.34.3-9792-iPhone17ProMax-iOS26.6	private://issue-147/D17-exhaustive-page-000.jpeg	28e9ea343ded86d7ee57f0cf01eabe2c93f393212ddec0f032f416444e4c7a3c	彼は猫を飼っている。	He keeps a cat.	101396	302300	false	""	normalized-literal-surface	true	true	true	true	english:302300	1	issue-147-capture-ocr-exact-en-ja-1.000
D17	3	2026-08-14T23:42:54+09:00	Nihongo-1.34.3-9792-iPhone17ProMax-iOS26.6	private://issue-147/D17-exhaustive-page-000.jpeg	28e9ea343ded86d7ee57f0cf01eabe2c93f393212ddec0f032f416444e4c7a3c	彼女はネコをこわがる。	She is afraid of cats.	91803	311909	false	""	normalized-literal-surface	true	true	true	true	english:311909	2	issue-147-capture-ocr-exact-en-ja-1.000
D17	4	2026-08-14T23:42:54+09:00	Nihongo-1.34.3-9792-iPhone17ProMax-iOS26.6	private://issue-147/D17-exhaustive-page-000.jpeg	28e9ea343ded86d7ee57f0cf01eabe2c93f393212ddec0f032f416444e4c7a3c	彼女はネコが大好きだ。	She adores cats.	91804	311908	false	""	normalized-literal-surface	true	true	true	true	english:311908	1	issue-147-capture-ocr-exact-en-ja-1.000
D17	5	2026-08-14T23:42:54+09:00	Nihongo-1.34.3-9792-iPhone17ProMax-iOS26.6	private://issue-147/D17-exhaustive-page-000.jpeg	28e9ea343ded86d7ee57f0cf01eabe2c93f393212ddec0f032f416444e4c7a3c	彼らはまるで犬と猿だ。	They get along like a cat and a dog.	97661	306043	false	""	normalized-literal-surface	true	true	true	true	english:306043	1	issue-147-capture-ocr-exact-en-ja-1.000
D17	6	2026-08-14T23:42:54+09:00	Nihongo-1.34.3-9792-iPhone17ProMax-iOS26.6	private://issue-147/D17-exhaustive-page-000.jpeg	28e9ea343ded86d7ee57f0cf01eabe2c93f393212ddec0f032f416444e4c7a3c	彼は猫が好きではない。	He does not like cats.	101398	302298	false	""	normalized-literal-surface	true	true	true	true	english:302298	2	issue-147-capture-ocr-exact-en-ja-1.000
D17	7	2026-08-14T23:42:54+09:00	Nihongo-1.34.3-9792-iPhone17ProMax-iOS26.6	private://issue-147/D17-exhaustive-page-000.jpeg	28e9ea343ded86d7ee57f0cf01eabe2c93f393212ddec0f032f416444e4c7a3c	妖精は王子を猫に変えた。	The fairy changed the prince into a cat.	78908	324808	false	""	normalized-literal-surface	true	true	true	true	english:324808	1	issue-147-capture-ocr-exact-en-ja-1.000
D17	8	2026-08-14T23:43:03+09:00	Nihongo-1.34.3-9792-iPhone17ProMax-iOS26.6	private://issue-147/D17-exhaustive-page-001.jpeg	bbf05061999972cbdf26915c96e2f9827cdce05d7202bf789d4c3cb460606b3e	彼女は黒猫を見て驚いた。	She was frightened to see the black cat.	90071	313643	false	""	normalized-literal-surface	true	true	true	true	english:313643	1	issue-147-capture-ocr-exact-en-ja-1.000
D17	9	2026-08-14T23:43:04+09:00	Nihongo-1.34.3-9792-iPhone17ProMax-iOS26.6	private://issue-147/D17-exhaustive-page-002.jpeg	1bd32c43a48b9ffc628613988d78bc28086f640cd8e647c4c04bcaec6361b9c4	秘密を漏らしてはいけない。	Don't let the cat out of the bag.	85842	317870	false	""	normalized-literal-surface	true	true	true	true	english:317870	1	issue-147-capture-ocr-exact-en-ja-1.000
D17	10	2026-08-14T23:43:06+09:00	Nihongo-1.34.3-9792-iPhone17ProMax-iOS26.6	private://issue-147/D17-exhaustive-page-003.jpeg	81d59af78c71242e9ce1fc68709d4f5f4e23c8e7a47f316f927ac26409824d1f	彼は高い木から猫を救った。	He rescued a cat from a high tree.	107300	296384	false	""	normalized-literal-surface	true	true	true	true	english:296384	1	issue-147-capture-ocr-exact-en-ja-1.000
D17	11	2026-08-14T23:43:08+09:00	Nihongo-1.34.3-9792-iPhone17ProMax-iOS26.6	private://issue-147/D17-exhaustive-page-004.jpeg	75341752754c573713e9cdff8baa7893a4909da209f8bf5297f19f47bbcf7439	彼は、二匹猫を飼っている。	He keeps two cats.	115413	288257	false	""	normalized-literal-surface	true	true	true	true	english:288257	2	issue-147-capture-ocr-exact-en-ja-1.000
D17	12	2026-08-14T23:43:08+09:00	Nihongo-1.34.3-9792-iPhone17ProMax-iOS26.6	private://issue-147/D17-exhaustive-page-004.jpeg	75341752754c573713e9cdff8baa7893a4909da209f8bf5297f19f47bbcf7439	猫は暗がりでも目が見える。	Cats can see in the dark.	121959	35811	false	""	normalized-literal-surface	true	true	true	true	english:35811	6	issue-147-capture-ocr-exact-en-ja-1.000
D17	13	2026-08-14T23:43:09+09:00	Nihongo-1.34.3-9792-iPhone17ProMax-iOS26.6	private://issue-147/D17-exhaustive-page-005.jpeg	18cbd2746dd23f20aa04284b6ce8ac77abb2e20fa71e843aa1171b9574fb57de	隣人は４人姉妹と猫１匹です。	My neighbors are four sisters and a cat.	77747	325971	false	""	normalized-literal-surface	true	true	true	true	english:325971	1	issue-147-capture-ocr-exact-en-ja-1.000
D17	14	2026-08-14T23:43:11+09:00	Nihongo-1.34.3-9792-iPhone17ProMax-iOS26.6	private://issue-147/D17-exhaustive-page-006.jpeg	f4bd30c0350fee7950b6d6d4286d5e74756683781fac7b6b369d6cefde0164b2	母猫は鳥を捕まえに出かけた。	The mother cat went out hunting birds.	82767	320949	false	""	normalized-literal-surface	true	true	true	true	english:320949	1	issue-147-capture-ocr-exact-en-ja-1.000
D17	15	2026-08-14T23:43:12+09:00	Nihongo-1.34.3-9792-iPhone17ProMax-iOS26.6	private://issue-147/D17-exhaustive-page-007.jpeg	3027abd24d02b5cd80958406f71edb4b7dcf45a5116745849d8f5fedef762345	彼女は猫を飼いたがっている。	She wants to keep a cat.	87595	316113	false	""	normalized-literal-surface	true	true	true	true	english:316113	1	issue-147-capture-ocr-exact-en-ja-1.000
D17	16	2026-08-14T23:43:13+09:00	Nihongo-1.34.3-9792-iPhone17ProMax-iOS26.6	private://issue-147/D17-exhaustive-page-008.jpeg	1c71b3ec1c7ed7b87abbb2c7abbd593b3dc687e3dfd232e84f820b72b429e708	彼女はその猫に牛乳をやった。	She gave milk to the cat.	92329	311382	false	""	normalized-literal-surface	true	true	true	true	english:311382	1	issue-147-capture-ocr-exact-en-ja-1.000
D17	17	2026-08-14T23:43:15+09:00	Nihongo-1.34.3-9792-iPhone17ProMax-iOS26.6	private://issue-147/D17-exhaustive-page-009.jpeg	a61a7e7c7eace8a91f31d1e1d48c66784b1c4644416ab086e4d58a7bb5ecda35	彼は、とても満足げに見える。	He looks like a cat that ate the canary.	115626	288044	false	""	normalized-literal-surface	true	true	true	true	english:288044	1	issue-147-capture-ocr-exact-en-ja-1.000
D17	18	2026-08-14T23:43:17+09:00	Nihongo-1.34.3-9792-iPhone17ProMax-iOS26.6	private://issue-147/D17-exhaustive-page-010.jpeg	8fb07429e800b7b12aada20c7786cce8e167176cc4dd89c001e78ae1bbecabb4	問題は誰が猫に鈴をつけるかだ。	The question is: Who will bell the cat.	79818	323899	false	""	normalized-literal-surface	true	true	true	true	english:323899	1	issue-147-capture-ocr-exact-en-ja-1.000
D17	19	2026-08-14T23:43:18+09:00	Nihongo-1.34.3-9792-iPhone17ProMax-iOS26.6	private://issue-147/D17-exhaustive-page-011.jpeg	5b5282a125d6b81931a1eb2eaeb71ce47972a5db729456b3d9d734d99d0085bd	彼女は猫を脅かして追い払った。	She scared the cat away.	87596	316112	false	""	normalized-literal-surface	true	true	true	true	english:316112	1	issue-147-capture-ocr-exact-en-fuzzy-ja-1.000
D17	20	2026-08-14T23:43:19+09:00	Nihongo-1.34.3-9792-iPhone17ProMax-iOS26.6	private://issue-147/D17-exhaustive-page-012.jpeg	f032a3a74c0e57ecdb1815f5d5c12344d0868876293ce097cb0b42f2391b391d	彼らは熱烈にいがみ合っている。	They fight like cat and dog.	96408	463186	false	""	normalized-literal-surface	true	true	true	true	english:463186	2	issue-147-capture-ocr-exact-en-ja-1.000
D18	1	2026-08-14T23:45:23+09:00	Nihongo-1.34.3-9792-iPhone17ProMax-iOS26.6	private://issue-147/D18-exhaustive-page-000.jpeg	10eaffbc16e9da7335874cd403d3ee46a78fed2ac61ce68015725dd740b2f17d	羊は草を食べる。	Sheep feed on grass.	78845	324871	true	24	exact-japanese-surface	true	true	true	true	english:324871	1	issue-147-capture-ocr-exact-en-ja-1.000
D18	2	2026-08-14T23:45:23+09:00	Nihongo-1.34.3-9792-iPhone17ProMax-iOS26.6	private://issue-147/D18-exhaustive-page-000.jpeg	10eaffbc16e9da7335874cd403d3ee46a78fed2ac61ce68015725dd740b2f17d	夕食は家で食べるの？	Are you going to have dinner at home?	79086	324631	true	39	exact-japanese-surface	true	true	true	true	english:324631	2	issue-147-capture-ocr-exact-en-ja-1.000
D18	3	2026-08-14T23:45:23+09:00	Nihongo-1.34.3-9792-iPhone17ProMax-iOS26.6	private://issue-147/D18-exhaustive-page-000.jpeg	10eaffbc16e9da7335874cd403d3ee46a78fed2ac61ce68015725dd740b2f17d	彼はたくさん食べる。	He eats a lot.	112055	291622	true	34	exact-japanese-surface	true	true	true	true	english:291622	1	issue-147-capture-ocr-exact-en-ja-1.000
D18	4	2026-08-14T23:45:23+09:00	Nihongo-1.34.3-9792-iPhone17ProMax-iOS26.6	private://issue-147/D18-exhaustive-page-000.jpeg	10eaffbc16e9da7335874cd403d3ee46a78fed2ac61ce68015725dd740b2f17d	彼は腹いっぱい食べる。	He eats till he is full.	100239	303458	true	43	exact-japanese-surface	true	true	true	true	english:303458	1	issue-147-capture-ocr-exact-en-ja-1.000
D18	5	2026-08-14T23:45:23+09:00	Nihongo-1.34.3-9792-iPhone17ProMax-iOS26.6	private://issue-147/D18-exhaustive-page-000.jpeg	10eaffbc16e9da7335874cd403d3ee46a78fed2ac61ce68015725dd740b2f17d	日本人は主に米を食べる。	The Japanese live mainly on rice.	122247	281755	true	69	exact-japanese-surface	true	true	true	true	english:281755	2	issue-147-capture-ocr-exact-en-ja-1.000
D18	6	2026-08-14T23:45:23+09:00	Nihongo-1.34.3-9792-iPhone17ProMax-iOS26.6	private://issue-147/D18-exhaustive-page-000.jpeg	10eaffbc16e9da7335874cd403d3ee46a78fed2ac61ce68015725dd740b2f17d	朝食を食べるほうがよい。	You had better have breakfast.	126183	277809	true	70	exact-japanese-surface	true	true	true	true	english:277809	1	issue-147-capture-ocr-exact-en-ja-1.000
D18	7	2026-08-14T23:45:23+09:00	Nihongo-1.34.3-9792-iPhone17ProMax-iOS26.6	private://issue-147/D18-exhaustive-page-000.jpeg	10eaffbc16e9da7335874cd403d3ee46a78fed2ac61ce68015725dd740b2f17d	僕は全然食べる気がしない。	I don't feel like eating at all.	81825	321890	false	""	exact-japanese-surface	true	true	true	true	english:321890	2	issue-147-capture-ocr-segment-best-en-0.917
D18	8	2026-08-14T23:45:25+09:00	Nihongo-1.34.3-9792-iPhone17ProMax-iOS26.6	private://issue-147/D18-exhaustive-page-001.jpeg	78199c995e37d4cd9bafb214d137cb29b658529890e50cd8d5f42e6c5a05356a	彼らは沢山のご飯を食べる。	They eat a lot of rice.	96588	307117	false	""	exact-japanese-surface	true	true	true	true	english:307117	1	issue-147-capture-ocr-exact-en-ja-1.000
D18	9	2026-08-14T23:45:27+09:00	Nihongo-1.34.3-9792-iPhone17ProMax-iOS26.6	private://issue-147/D18-exhaustive-page-002.jpeg	c02395d7bd290e299ed44062f93dbdace7805e1ac0b2705ea60ea3839598b23a	彼はよく夕食に魚を食べる。	He often eats fish for dinner.	110367	293319	true	87	exact-japanese-surface	true	true	true	true	english:293319	1	issue-147-capture-ocr-exact-en-ja-1.000
D18	10	2026-08-14T23:45:28+09:00	Nihongo-1.34.3-9792-iPhone17ProMax-iOS26.6	private://issue-147/D18-exhaustive-page-003.jpeg	d26f6f8ba0a387bf621acda4e5dcd54df7791ecf7faab639b29d4e0eb0264162	彼は何とよく食べるのだろう。	How he eats!	109415	294275	false	""	exact-japanese-surface	true	true	true	true	english:294275	1	issue-147-capture-ocr-exact-en-ja-1.000
D18	11	2026-08-14T23:45:29+09:00	Nihongo-1.34.3-9792-iPhone17ProMax-iOS26.6	private://issue-147/D18-exhaustive-page-004.jpeg	65177c44de961a5c4a737c4ffc4063aaafd23debd1363b9ccadaa196620ca966	彼の食べるものは粗末だった。	His diet was abstemious.	116881	286787	false	""	exact-japanese-surface	true	true	true	true	english:286787	1	issue-147-capture-ocr-exact-en-ja-1.000
D18	12	2026-08-14T23:45:31+09:00	Nihongo-1.34.3-9792-iPhone17ProMax-iOS26.6	private://issue-147/D18-exhaustive-page-005.jpeg	c9bd78fa9ccf8ac4ba55d7fc5bed5068ee121c2cab5dc95607684e1ca0dadc00	昼食はどこで食べるんですか。	Where are you going to eat lunch?	126392	277598	false	""	exact-japanese-surface	true	true	true	true	english:277598	2	issue-147-capture-ocr-exact-en-ja-1.000
D18	13	2026-08-14T23:45:32+09:00	Nihongo-1.34.3-9792-iPhone17ProMax-iOS26.6	private://issue-147/D18-exhaustive-page-006.jpeg	f152516e1d909453ec1b31f72fd465b66868ddb8122bbbb3ea79b5a3c2d7dc93	彼は食べる前にお祈りを言った。	He said grace before eating.	103922	299769	false	""	exact-japanese-surface	true	true	true	true	english:299769	1	issue-147-capture-ocr-exact-en-ja-1.000
D18	14	2026-08-14T23:45:33+09:00	Nihongo-1.34.3-9792-iPhone17ProMax-iOS26.6	private://issue-147/D18-exhaustive-page-007.jpeg	6bfb281aabc36027e3ace1f28cb503cd0bc60bd644668a10cbb2fa26c29b7aa3	いつご飯食べるの？お腹空いたよ。	When are we eating? I'm hungry!	5274	2073	false	""	exact-japanese-surface	true	true	true	false	english:2073	1	issue-147-capture-ocr-exact-en-ja-1.000
D18	15	2026-08-14T23:45:35+09:00	Nihongo-1.34.3-9792-iPhone17ProMax-iOS26.6	private://issue-147/D18-exhaustive-page-008.jpeg	2905ae0d7a02a1d7c7c3e3730a80e313f5905137639bca033c55ee6dd4774e83	卵を食べるとじんましんが出ます。	He gets hives when he eats eggs.	78471	325245	false	""	exact-japanese-surface	true	true	true	true	english:325245	1	issue-147-capture-ocr-exact-en-ja-1.000
D18	16	2026-08-14T23:45:36+09:00	Nihongo-1.34.3-9792-iPhone17ProMax-iOS26.6	private://issue-147/D18-exhaustive-page-009.jpeg	59b647f12e66d788b3b5ff7cc733b7890a9d25dbde35c6f38843568361d2c0d2	彼らは世界の小麦の半分を食べる。	They eat half the world's wheat.	96751	306953	false	""	exact-japanese-surface	true	true	true	true	english:306953	1	issue-147-capture-ocr-exact-en-ja-1.000
D18	17	2026-08-14T23:45:37+09:00	Nihongo-1.34.3-9792-iPhone17ProMax-iOS26.6	private://issue-147/D18-exhaustive-page-010.jpeg	0660b12e942f56e0c001d1b5c07f187ec797942505970a3a2bf156df4ee90e58	日本ではしばしば魚を生で食べる。	We often eat fish raw in Japan.	122796	281206	false	""	exact-japanese-surface	true	true	true	true	english:281206	1	issue-147-capture-ocr-exact-en-fuzzy-ja-1.000
D18	18	2026-08-14T23:45:40+09:00	Nihongo-1.34.3-9792-iPhone17ProMax-iOS26.6	private://issue-147/D18-exhaustive-page-012.jpeg	3ac7c98f0cb25e6abf477adee392a95a5b15763362863b216606743e50435aee	蜘蛛は蝿やその他の昆虫を食べる。	Spiders prey on flies and other small insects.	126771	277319	false	""	exact-japanese-surface	true	true	true	true	english:277319	1	issue-147-capture-ocr-exact-en-1.000
D18	19	2026-08-14T23:45:42+09:00	Nihongo-1.34.3-9792-iPhone17ProMax-iOS26.6	private://issue-147/D18-exhaustive-page-013.jpeg	2c6e67d29186bbc09181e4f23189ea7c1a8ea70382ca2791ea84a11a52cd7a31	彼は急いで食べることに慣れている。	He is used to eating in a rush.	108472	295214	false	""	exact-japanese-surface	true	true	true	true	english:295214	1	issue-147-capture-ocr-exact-en-ja-1.000
D18	20	2026-08-14T23:45:43+09:00	Nihongo-1.34.3-9792-iPhone17ProMax-iOS26.6	private://issue-147/D18-exhaustive-page-014.jpeg	2d73af992b9d3b4b5b22b3c3190c77a10b43cccd83df1d9496cc293f9a8fe271	彼の父は１週間に２回そこで食べる。	His father eats there twice a week.	116241	287428	false	""	exact-japanese-surface	true	true	true	true	english:287428	2	issue-147-capture-ocr-exact-en-ja-1.000
D19	1	2026-08-14T23:47:41+09:00	Nihongo-1.34.3-9792-iPhone17ProMax-iOS26.6	private://issue-147/D19-exhaustive-page-000.jpeg	e00497582e68070ae04ca99a25dbf8a2f389c8f8922f104438b698e1477496ac	野菜を食べたら？	Why don't you eat some vegetables?	5160	2765281	true	27	exact-japanese-surface	true	true	true	false	english:2765281	1	issue-147-capture-ocr-exact-en-ja-1.000
D19	2	2026-08-14T23:47:41+09:00	Nihongo-1.34.3-9792-iPhone17ProMax-iOS26.6	private://issue-147/D19-exhaustive-page-000.jpeg	e00497582e68070ae04ca99a25dbf8a2f389c8f8922f104438b698e1477496ac	彼は私の倍食べた。	He ate twice as much as I did.	105714	297973	true	34	exact-japanese-surface	true	true	true	true	english:297973	1	issue-147-capture-ocr-segment-best-en-0.914
D19	3	2026-08-14T23:47:41+09:00	Nihongo-1.34.3-9792-iPhone17ProMax-iOS26.6	private://issue-147/D19-exhaustive-page-000.jpeg	e00497582e68070ae04ca99a25dbf8a2f389c8f8922f104438b698e1477496ac	私は昼食を食べた。	I have already eaten lunch.	155083	31191	true	38	exact-japanese-surface	true	true	true	true	english:31191	5	issue-147-capture-ocr-segment-best-en-0.894
D19	4	2026-08-14T23:47:41+09:00	Nihongo-1.34.3-9792-iPhone17ProMax-iOS26.6	private://issue-147/D19-exhaustive-page-000.jpeg	e00497582e68070ae04ca99a25dbf8a2f389c8f8922f104438b698e1477496ac	朝食は何を食べたの？	What did you have for breakfast?	126196	277782	true	68	exact-japanese-surface	true	true	true	true	english:277782	5	issue-147-capture-ocr-exact-en-ja-1.000
D19	5	2026-08-14T23:47:41+09:00	Nihongo-1.34.3-9792-iPhone17ProMax-iOS26.6	private://issue-147/D19-exhaustive-page-000.jpeg	e00497582e68070ae04ca99a25dbf8a2f389c8f8922f104438b698e1477496ac	私はキャビアを食べた。	I ate caviar.	5331	2413	false	""	exact-japanese-surface	true	true	true	false	english:2413	1	issue-147-capture-ocr-segment-best-en-0.639
D19	6	2026-08-14T23:47:41+09:00	Nihongo-1.34.3-9792-iPhone17ProMax-iOS26.6	private://issue-147/D19-exhaustive-page-000.jpeg	e00497582e68070ae04ca99a25dbf8a2f389c8f8922f104438b698e1477496ac	新鮮な魚が食べたいな。	I want to eat fresh fish.	145237	269326	false	""	exact-japanese-surface	true	true	true	true	english:269326	1	issue-147-capture-ocr-segment-best-en-0.898
D19	7	2026-08-14T23:47:41+09:00	Nihongo-1.34.3-9792-iPhone17ProMax-iOS26.6	private://issue-147/D19-exhaustive-page-000.jpeg	e00497582e68070ae04ca99a25dbf8a2f389c8f8922f104438b698e1477496ac	彼は急いで朝食を食べた。	He had a hasty breakfast.	108471	295215	false	""	exact-japanese-surface	true	true	true	true	english:295215	1	issue-147-capture-ocr-exact-en-ja-1.000
D19	8	2026-08-14T23:47:42+09:00	Nihongo-1.34.3-9792-iPhone17ProMax-iOS26.6	private://issue-147/D19-exhaustive-page-001.jpeg	168fb0fb0fa9f2036ef4f29d831a444edcd172bb917a4ee8c7ef811ca977d33d	食べたいだけ食べなさい。	Eat as much as you like.	145936	268626	false	""	exact-japanese-surface	true	true	true	true	english:268626	1	issue-147-capture-ocr-exact-en-ja-1.000
D19	9	2026-08-14T23:47:43+09:00	Nihongo-1.34.3-9792-iPhone17ProMax-iOS26.6	private://issue-147/D19-exhaustive-page-002.jpeg	2b729773901292e3167fcab4dc3f92291c39eec8729ce45a23cb561bc3a5fa5d	彼は食事をがつがつ食べた。	He devoured his meal.	103908	299784	false	""	exact-japanese-surface	true	true	true	true	english:299784	2	issue-147-capture-ocr-exact-en-ja-1.000
D19	10	2026-08-14T23:47:45+09:00	Nihongo-1.34.3-9792-iPhone17ProMax-iOS26.6	private://issue-147/D19-exhaustive-page-003.jpeg	5dd6d6b38f8bfe8dc87b2f271a2c8e091137e43795c1975311aa00e0cc743a86	朝食に何を食べたいですか。	What do you want for breakfast?	126211	277779	false	""	exact-japanese-surface	true	true	true	true	english:277779	3	issue-147-capture-ocr-exact-en-ja-1.000
D19	11	2026-08-14T23:47:46+09:00	Nihongo-1.34.3-9792-iPhone17ProMax-iOS26.6	private://issue-147/D19-exhaustive-page-004.jpeg	1babef75e1c78f20920f7bdb4abe8e65235783ce0b1e91ee7b36ffe4b046428d	新鮮な果物が食べたいんだ。	I have a craving for fresh fruit.	145241	269322	false	""	exact-japanese-surface	true	true	true	true	english:269322	1	issue-147-capture-ocr-segment-best-en-0.919
D19	12	2026-08-14T23:47:46+09:00	Nihongo-1.34.3-9792-iPhone17ProMax-iOS26.6	private://issue-147/D19-exhaustive-page-004.jpeg	1babef75e1c78f20920f7bdb4abe8e65235783ce0b1e91ee7b36ffe4b046428d	私達は正午に弁当を食べた。	We took lunch at noon.	151453	263103	false	""	exact-japanese-surface	true	true	true	true	english:263103	1	issue-147-capture-ocr-exact-en-ja-1.000
D19	13	2026-08-14T23:47:49+09:00	Nihongo-1.34.3-9792-iPhone17ProMax-iOS26.6	private://issue-147/D19-exhaustive-page-006.jpeg	46d49f5d3f73a05d8be49a3444420da154e2757b4d3bb56fd76f085095af58c2	彼女は朝食を食べた方がいい。	She had better eat breakfast.	87872	315835	false	""	exact-japanese-surface	true	true	true	true	english:315835	1	issue-147-capture-ocr-exact-en-ja-1.000
D19	14	2026-08-14T23:47:49+09:00	Nihongo-1.34.3-9792-iPhone17ProMax-iOS26.6	private://issue-147/D19-exhaustive-page-006.jpeg	46d49f5d3f73a05d8be49a3444420da154e2757b4d3bb56fd76f085095af58c2	彼女は赤身の肉だけを食べた。	She ate only lean meat.	88272	315434	false	""	exact-japanese-surface	true	true	true	true	english:315434	1	issue-147-capture-ocr-exact-en-ja-1.000
D19	15	2026-08-14T23:47:50+09:00	Nihongo-1.34.3-9792-iPhone17ProMax-iOS26.6	private://issue-147/D19-exhaustive-page-007.jpeg	ad95f91c90406f1ad65f9bad7ea633a48d7cda02bf0f05524f17ae93f3901559	彼はそれらの両方を食べたい。	He wants to eat both of them.	112222	291456	false	""	exact-japanese-surface	true	true	true	true	english:291456	1	issue-147-capture-ocr-exact-en-ja-1.000
D19	16	2026-08-14T23:47:52+09:00	Nihongo-1.34.3-9792-iPhone17ProMax-iOS26.6	private://issue-147/D19-exhaustive-page-008.jpeg	fa44420afc316403fb51fa8c005c08dff9491dc2291c83427cafd55d34ba3ed3	彼はそのりんごを全部食べた。	He ate all of the apple.	113113	290562	false	""	exact-japanese-surface	true	true	true	true	english:290562	1	issue-147-capture-ocr-exact-en-ja-1.000
D19	17	2026-08-14T23:47:54+09:00	Nihongo-1.34.3-9792-iPhone17ProMax-iOS26.6	private://issue-147/D19-exhaustive-page-009.jpeg	f759b6959b617515f1f1f9cf7f7122a2a7ec220735c747b94059f9268fddac6d	私は初めて日本料理を食べた。	I ate Japanese food for the first time.	155954	258582	false	""	exact-japanese-surface	true	true	true	true	english:258582	1	issue-147-capture-ocr-segment-best-en-0.930
D19	18	2026-08-14T23:47:55+09:00	Nihongo-1.34.3-9792-iPhone17ProMax-iOS26.6	private://issue-147/D19-exhaustive-page-010.jpeg	39d13a3d7930219c5f0bc15a7d800c132d77794a1359c48292f3c92f6426ed92	和食を食べたことはありますか。	Have you ever eaten Japanese food?	77211	326508	false	""	exact-japanese-surface	true	true	true	true	english:326508	3	issue-147-capture-ocr-exact-en-ja-1.000
D19	19	2026-08-14T23:47:57+09:00	Nihongo-1.34.3-9792-iPhone17ProMax-iOS26.6	private://issue-147/D19-exhaustive-page-011.jpeg	9c501aea64c39c987a7cf696b60883f2b5ee16b1e0ec29f587bbc5fc2533f21d	緑が最も多くオレンジを食べた。	Midori ate the most oranges.	77806	325912	false	""	exact-japanese-surface	true	true	true	true	english:325912	1	issue-147-capture-ocr-exact-en-ja-1.000
D19	20	2026-08-14T23:47:58+09:00	Nihongo-1.34.3-9792-iPhone17ProMax-iOS26.6	private://issue-147/D19-exhaustive-page-012.jpeg	bddfe749f7ad5fa11b77fe2dc6f39f5622699e58c648cea286a4bccb01493758	彼は本当にそれを食べたんです。	That's really what he ate.	99878	303819	false	""	exact-japanese-surface	true	true	true	true	english:303819	1	issue-147-capture-ocr-exact-en-ja-1.000
D20	1	2026-08-14T23:23:49+09:00	Nihongo-1.34.3-9792-iPhone17ProMax-iOS26.6	private://issue-147/D20-examples-00-valid.jpeg	4d2ce47a4c60cd71dce26381fadcbefd186676dc39214e86452278835b2438f8	ねこっかぶり！	You hypocrite!	9065865	2936461	true	1	exact-japanese-surface	true	true	true	false	english:2936461	1	issue-147-direct-transcription
D20	2	2026-08-14T23:23:49+09:00	Nihongo-1.34.3-9792-iPhone17ProMax-iOS26.6	private://issue-147/D20-examples-01-valid.jpeg	d129cbed217f10a99ebfff0c06063cdef7c0ddf3f46f9a4f5c56a8aedafd6b1b	いすの上にねこがいます。	There is a cat on the chair.	229125	66484	true	2	exact-japanese-surface	true	true	true	true	english:66484	1	issue-147-direct-transcription
D20	3	2026-08-14T23:23:49+09:00	Nihongo-1.34.3-9792-iPhone17ProMax-iOS26.6	private://issue-147/D20-examples-02-valid.jpeg	f71364142e617a060a683a47060dd8b104cd58c296abbc8bc845c016817374a4	ねこが私のそばを丁度今横切った。	The cat has just passed by beside me.	198626	35819	true	3	exact-japanese-surface	true	true	true	true	english:35819	1	issue-147-direct-transcription
D20	4	2026-08-14T23:23:49+09:00	Nihongo-1.34.3-9792-iPhone17ProMax-iOS26.6	private://issue-147/D20-examples-03-valid.jpeg	85b3400527ed39fd90d5b1b78ace5c8dac6c208d10900def58bbb6ec58c4ed23	今日はねこをお風呂に入れなくちゃ。	Today I have to give my cat a bath.	1518071	1557001	true	4	exact-japanese-surface	true	true	true	false	english:1557001	1	issue-147-direct-transcription
D20	5	2026-08-14T23:23:49+09:00	Nihongo-1.34.3-9792-iPhone17ProMax-iOS26.6	private://issue-147/D20-examples-04-valid.jpeg	1e30554202f7cc56702af2d789ad68f1ca6e63bb69101a03a2bbf70102204057	骨と皮ばかりにやせこけたねこでした。	It was a cat starved to skin and bones.	172958	241515	true	5	exact-japanese-surface	true	true	true	true	english:241515	1	issue-147-direct-transcription
D20	6	2026-08-14T23:23:49+09:00	Nihongo-1.34.3-9792-iPhone17ProMax-iOS26.6	private://issue-147/D20-examples-05-valid.jpeg	03a4604fbf0e65a074cd9cacebedddb98a0abf5ab2bdb21981116487b2636137	家はねこが２匹います。１匹は白で、もう１匹は黒です。	We have two cats; one is white, and the other is black.	187012	24149	true	7	exact-japanese-surface	true	true	true	true	english:24149	1	issue-147-direct-transcription
D20	7	2026-08-14T23:23:49+09:00	Nihongo-1.34.3-9792-iPhone17ProMax-iOS26.6	private://issue-147/D20-examples-06-valid.jpeg	8c58221f8ce2cb541a4c54d0211a3e1469d30cf79b9afd378457b1b3ea8178ca	「ねこまっしぐら」というのは、飼い猫がエサに向かってまいしんする様子を表している。	"The phrase ""make a bee line for"" expresses the look of how a bee heads straight for food with speed and energy."	77011	326708	true	8	exact-japanese-surface	true	true	true	true	english:326708	1	issue-147-direct-transcription
D20	8	2026-08-14T23:23:49+09:00	Nihongo-1.34.3-9792-iPhone17ProMax-iOS26.6	private://issue-147/D20-examples-07-valid.jpeg	2b3467677b7b6816c0a8fb5f38d300cb309ad6da3c53cb38c210dda55bc896b6	おまえはどうして、百匹のねこ、千匹のねこ、百万匹、一億、一兆匹のねこといっしょに、食べられてしまわなかったのだね。？	How does it happen that you were not eaten up with all those hundreds and trillions of cats?	227532	64885	true	9	exact-japanese-surface	true	true	true	true	english:64885	1	issue-147-direct-transcription
D20	9	2026-08-14T23:23:49+09:00	Nihongo-1.34.3-9792-iPhone17ProMax-iOS26.6	private://issue-147/D20-examples-08-valid.jpeg	ca49ff9084a47d229b22fe549810dd3098c23ae9eef72fb42ec879e02fa4a55e	それから、毎日おじいさんと、おばあさんがこねこにミルクを飲ませましたら、こねこは、まもなく、かわいらしいまるまるとしたねこに、なりました。	Every day grandfather and grandmother gave the kitten plenty of milk, and soon the kitten grew nice and plump.	205933	43179	true	10	exact-japanese-surface	true	true	true	true	english:43179	1	issue-147-direct-transcription
