Command line invocation:
    /Applications/Xcode.app/Contents/Developer/usr/bin/xcodebuild test-without-building -project PrototypeIssue293.xcodeproj -scheme PrototypeIssue293IncreaseContrast -destination "platform=iOS Simulator,id=72E8E7B4-9392-46D3-8C7B-7E684493085C" -derivedDataPath .derivedData -resultBundlePath Evidence/increase-contrast/PrototypeIssue293-increase-contrast.xcresult

Writing result bundle at path:
	/Users/devin/dev/repos/github@zenbujapanese/zenbujapanese-monorepo-prototype-293/prototypes/issue-293-liquid-glass-audit-controls/Evidence/increase-contrast/PrototypeIssue293-increase-contrast.xcresult

2026-09-05 07:49:47.811947+0900 PrototypeIssue293UITests-Runner[40798:5834565] [Default] Running tests...
    t =      nans Interface orientation changed to Portrait
Test Suite 'All tests' started at 2026-09-05 07:49:48.439.
Test Suite 'PrototypeIssue293UITests.xctest' started at 2026-09-05 07:49:48.439.
Test Suite 'PrototypeIssue293UITests' started at 2026-09-05 07:49:48.439.
Test Case '-[PrototypeIssue293UITests.PrototypeIssue293UITests test01AutomaticEdgeLightAX5]' started.
    t =     0.00s Start Test at 2026-09-05 07:49:48.440
    t =     0.02s Set Up
    t =     0.02s Setting appearance mode to Light
objc[40798]: Class UIAccessibilityLoaderWebShared is implemented in both /Library/Developer/CoreSimulator/Volumes/iOS_23F77/Library/Developer/CoreSimulator/Profiles/Runtimes/iOS 26.5.simruntime/Contents/Resources/RuntimeRoot/System/Library/AccessibilityBundles/WebCore.axbundle/WebCore (0x106bb4310) and /Library/Developer/CoreSimulator/Volumes/iOS_23F77/Library/Developer/CoreSimulator/Profiles/Runtimes/iOS 26.5.simruntime/Contents/Resources/RuntimeRoot/System/Library/AccessibilityBundles/WebKit.axbundle/WebKit (0x106a38398). This may cause spurious casting failures and mysterious crashes. One of the duplicates must be removed or renamed.
    t =     2.04s     Wait for com.apple.springboard to idle
    t =     2.05s Open dev.zenbujapanese.prototype.issue293
    t =     2.05s     Launch dev.zenbujapanese.prototype.issue293
2026-09-05 07:49:50.532 xcodebuild[40781:5834189] [MT] IDELaunchParametersSnapshot: The operation couldn’t be completed. (DebuggerLLDB.DebuggerVersionStore.StoreError error 0.)
2026-09-05 07:49:50.532 xcodebuild[40781:5834189] [MT] IDELaunchParametersSnapshot: no debugger version
    t =     2.51s         Setting up automation session
    t =     3.17s         Wait for dev.zenbujapanese.prototype.issue293 to idle
    t =     4.50s Waiting 5.0s for "prototype.screen" CollectionView to exist
    t =     5.54s     Checking `Expect predicate `existsNoRetry == 1` for object "prototype.screen" CollectionView`
    t =     5.54s         Checking existence of `"prototype.screen" CollectionView`
    t =     5.74s Added attachment named '01-automatic-edge-light-AX5'
    t =     5.74s Added attachment named '01-automatic-edge-light-AX5-public-accessibility-settings'
    t =     5.74s Get all elements bound by index for: Descendants matching type Any
    t =     5.78s Find the Any (Element at index 0)
    t =     5.80s Find the Window at {{0.0, 0.0}, {440.0, 956.0}}
    t =     5.82s Find the Window
    t =     5.84s Find the Window
    t =     5.86s Find the Any (Element at index 1)
    t =     5.88s Find the Other at {{0.0, 0.0}, {440.0, 956.0}}
    t =     5.90s Find the Other
    t =     5.92s Find the Other
    t =     5.94s Find the Any (Element at index 2)
    t =     5.96s Find the Other at {{0.0, 0.0}, {440.0, 956.0}}
    t =     5.98s Find the Other
    t =     6.00s Find the Other
    t =     6.02s Find the Any (Element at index 3)
    t =     6.04s Find the Other at {{0.0, 0.0}, {440.0, 956.0}}
    t =     6.06s Find the Other
    t =     6.08s Find the Other
    t =     6.10s Find the Any (Element at index 4)
    t =     6.12s Find the Other at {{0.0, 0.0}, {440.0, 956.0}}
    t =     6.14s Find the Other
    t =     6.16s Find the Other
    t =     6.18s Find the Any (Element at index 5)
    t =     6.20s Find the Other at {{0.0, 0.0}, {440.0, 956.0}}
    t =     6.22s Find the Other
    t =     6.24s Find the Other
    t =     6.26s Find the Any (Element at index 6)
    t =     6.28s Find the Other at {{0.0, 0.0}, {440.0, 956.0}}
    t =     6.30s Find the Other
    t =     6.32s Find the Other
    t =     6.33s Find the Any (Element at index 7)
    t =     6.36s Find the Other at {{0.0, 873.0}, {440.0, 83.0}}
    t =     6.38s Find the Other
    t =     6.40s Find the Other
    t =     6.41s Find the Any (Element at index 8)
    t =     6.44s Find the Other at {{0.0, 0.0}, {440.0, 956.0}}
    t =     6.45s Find the Other
    t =     6.48s Find the Other
    t =     6.50s Find the Any (Element at index 9)
    t =     6.52s Find the Other at {{0.0, 0.0}, {440.0, 956.0}}
    t =     6.54s Find the Other
    t =     6.57s Find the Other
    t =     6.59s Find the Any (Element at index 10)
    t =     6.61s Find the Other at {{0.0, 873.0}, {440.0, 83.0}}
    t =     6.63s Find the Other
    t =     6.66s Find the Other
    t =     6.68s Find the Any (Element at index 11)
    t =     6.71s Find the Other at {{0.0, 0.0}, {440.0, 956.0}}
    t =     6.73s Find the Other
    t =     6.75s Find the Other
    t =     6.77s Find the Any (Element at index 12)
    t =     6.80s Find the "Tab Bar" TabBar
    t =     6.82s Find the "Tab Bar" TabBar
    t =     6.84s Find the "Tab Bar" TabBar
    t =     6.86s Find the "Tab Bar" TabBar
    t =     6.88s Find the Any (Element at index 13)
    t =     6.91s Find the Other at {{0.0, 873.0}, {440.0, 83.0}}
    t =     6.93s Find the Other
    t =     6.95s Find the Other
    t =     6.97s Find the Any (Element at index 14)
    t =     7.00s Find the Other at {{0.0, 0.0}, {440.0, 956.0}}
    t =     7.02s Find the Other
    t =     7.04s Find the Other
    t =     7.06s Find the Any (Element at index 15)
    t =     7.09s Find the Other at {{126.0, 873.0}, {188.0, 62.0}}
    t =     7.11s Find the Other
    t =     7.13s Find the Other
    t =     7.15s Find the Any (Element at index 16)
    t =     7.18s Find the Other at {{0.0, 873.0}, {440.0, 83.0}}
    t =     7.20s Find the Other
    t =     7.22s Find the Other
    t =     7.24s Find the Any (Element at index 17)
    t =     7.27s Find the Other at {{0.0, 0.0}, {440.0, 956.0}}
    t =     7.29s Find the Other
    t =     7.32s Find the Other
    t =     7.34s Find the Any (Element at index 18)
    t =     7.36s Find the Other at {{126.0, 873.0}, {94.0, 54.0}}
    t =     7.39s Find the Other
    t =     7.41s Find the Other
    t =     7.43s Find the Any (Element at index 19)
    t =     7.46s Find the Other at {{126.0, 873.0}, {188.0, 62.0}}
    t =     7.48s Find the Other
    t =     7.50s Find the Other
    t =     7.52s Find the Any (Element at index 20)
    t =     7.55s Find the Other at {{130.0, 877.0}, {94.0, 54.0}}
    t =     7.57s Find the Other
    t =     7.60s Find the Other
    t =     7.62s Find the Any (Element at index 21)
    t =     7.64s Find the Other at {{0.0, 873.0}, {440.0, 83.0}}
    t =     7.67s Find the Other
    t =     7.69s Find the Other
    t =     7.71s Find the Any (Element at index 22)
    t =     7.74s Find the Other at {{0.0, 873.0}, {440.0, 83.0}}
    t =     7.76s Find the Other
    t =     7.78s Find the Other
    t =     7.81s Find the Any (Element at index 23)
    t =     7.83s Find the Other at {{0.0, 0.0}, {440.0, 956.0}}
    t =     7.86s Find the Other
    t =     7.88s Find the Other
    t =     7.90s Find the Any (Element at index 24)
    t =     7.93s Find the "Controls" Button
    t =     7.95s Find the "Controls" Button
    t =     7.97s Find the "Controls" Button
    t =     8.00s Find the "Controls" Button
    t =     8.02s Find the Any (Element at index 25)
    t =     8.04s Find the "About" Button
    t =     8.07s Find the "About" Button
    t =     8.09s Find the "About" Button
    t =     8.12s Find the "About" Button
    t =     8.14s Find the Any (Element at index 26)
    t =     8.17s Find the Other at {{130.0, 877.0}, {94.0, 54.0}}
    t =     8.19s Find the Other
    t =     8.22s Find the Other
    t =     8.24s Find the Any (Element at index 27)
    t =     8.26s Find the Other at {{0.0, 873.0}, {440.0, 83.0}}
    t =     8.29s Find the Other
    t =     8.31s Find the Other
    t =     8.33s Find the Any (Element at index 28)
    t =     8.37s Find the Other at {{0.0, 873.0}, {440.0, 83.0}}
    t =     8.39s Find the Other
    t =     8.42s Find the Other
    t =     8.44s Find the Any (Element at index 29)
    t =     8.47s Find the "Native Controls" NavigationBar
    t =     8.49s Find the "Native Controls" NavigationBar
    t =     8.52s Find the "Native Controls" NavigationBar
    t =     8.54s Find the "Native Controls" NavigationBar
    t =     8.56s Find the Any (Element at index 30)
    t =     8.59s Find the Other at {{0.0, 0.0}, {440.0, 956.0}}
    t =     8.61s Find the Other
    t =     8.64s Find the Other
    t =     8.66s Find the Any (Element at index 31)
    t =     8.69s Find the Other at {{0.0, 0.0}, {440.0, 956.0}}
    t =     8.71s Find the Other
    t =     8.73s Find the Other
    t =     8.76s Find the Any (Element at index 32)
    t =     8.78s Find the "list.bullet" Image
    t =     8.81s Find the "list.bullet" Image
    t =     8.83s Find the "list.bullet" Image
    t =     8.86s Find the "list.bullet" Image
    t =     8.88s Find the "list.bullet" Image
    t =     8.91s Find the Any (Element at index 33)
    t =     8.94s Find the "info.circle.fill" Image
    t =     8.97s Find the "info.circle.fill" Image
    t =     9.00s Find the "info.circle.fill" Image
    t =     9.02s Find the "info.circle.fill" Image
    t =     9.05s Find the "info.circle.fill" Image
    t =     9.08s Find the Any (Element at index 34)
    t =     9.10s Find the Other at {{130.0, 877.0}, {94.0, 54.0}}
    t =     9.13s Find the Other
    t =     9.16s Find the Other
    t =     9.18s Find the Any (Element at index 35)
    t =     9.21s Find the Other at {{130.0, 877.0}, {94.0, 54.0}}
    t =     9.24s Find the Other
    t =     9.26s Find the Other
    t =     9.29s Find the Any (Element at index 36)
    t =     9.32s Find the Other at {{0.0, 873.0}, {440.0, 83.0}}
    t =     9.34s Find the Other
    t =     9.37s Find the Other
    t =     9.39s Find the Any (Element at index 37)
    t =     9.42s Find the "Native Controls" StaticText
    t =     9.45s Find the "Native Controls" StaticText
    t =     9.48s Find the "Native Controls" StaticText
    t =     9.50s Find the "Native Controls" StaticText
    t =     9.53s Find the Any (Element at index 38)
    t =     9.56s Find the Other at {{0.0, 0.0}, {440.0, 956.0}}
    t =     9.59s Find the Other
    t =     9.61s Find the Other
    t =     9.64s Find the Any (Element at index 39)
    t =     9.67s Find the Other at {{0.0, 0.0}, {440.0, 956.0}}
    t =     9.70s Find the Other
    t =     9.72s Find the Other
    t =     9.74s Find the Any (Element at index 40)
    t =     9.77s Find the Other at {{130.0, 877.0}, {94.0, 54.0}}
    t =     9.80s Find the Other
    t =     9.82s Find the Other
    t =     9.84s Find the Any (Element at index 41)
    t =     9.87s Find the Other at {{130.0, 877.0}, {94.0, 54.0}}
    t =     9.90s Find the Other
    t =     9.92s Find the Other
    t =     9.94s Find the Any (Element at index 42)
    t =     9.97s Find the Other at {{0.0, 0.0}, {440.0, 956.0}}
    t =     9.99s Find the Other
    t =    10.02s Find the Other
    t =    10.04s Find the Any (Element at index 43)
    t =    10.07s Find the Other at {{130.0, 877.0}, {94.0, 54.0}}
    t =    10.09s Find the Other
    t =    10.12s Find the Other
    t =    10.14s Find the Any (Element at index 44)
    t =    10.17s Find the Other at {{130.0, 877.0}, {94.0, 54.0}}
    t =    10.19s Find the Other
    t =    10.22s Find the Other
    t =    10.25s Find the Any (Element at index 45)
    t =    10.28s Find the Other at {{0.0, 0.0}, {440.0, 956.0}}
    t =    10.31s Find the Other
    t =    10.34s Find the Other
    t =    10.37s Find the Any (Element at index 46)
    t =    10.40s Find the Other at {{130.0, 877.0}, {94.0, 54.0}}
    t =    10.43s Find the Other
    t =    10.46s Find the Other
    t =    10.48s Find the Any (Element at index 47)
    t =    10.51s Find the "prototype.screen" CollectionView
    t =    10.54s Find the "prototype.screen" CollectionView
    t =    10.57s Find the "prototype.screen" CollectionView
    t =    10.60s Find the "prototype.screen" CollectionView
    t =    10.63s Find the Any (Element at index 48)
    t =    10.66s Find the Other at {{-20.0, -1723.0}, {480.0, 2230.3}}
    t =    10.69s Find the Other
    t =    10.71s Find the Other
    t =    10.76s Find the Any (Element at index 49)
    t =    10.79s Find the Other at {{0.0, 0.0}, {440.0, 956.0}}
    t =    10.82s Find the Other
    t =    10.85s Find the Other
    t =    10.87s Find the Any (Element at index 50)
    t =    10.91s Find the Other at {{0.0, 0.0}, {440.0, 956.0}}
    t =    10.93s Find the Other
    t =    10.96s Find the Other
    t =    10.99s Find the Any (Element at index 51)
    t =    11.02s Find the Cell at {{20.0, 189.0}, {400.0, 145.3}}
    t =    11.05s Find the Cell
    t =    11.08s Find the Cell
    t =    11.11s Find the Any (Element at index 52)
    t =    11.14s Find the Cell at {{20.0, 334.3}, {400.0, 155.3}}
    t =    11.17s Find the Cell
    t =    11.20s Find the Cell
    t =    11.23s Find the Any (Element at index 53)
    t =    11.26s Find the Other at {{-20.0, 507.3}, {480.0, 4456.0}}
    t =    11.29s Find the Other
    t =    11.32s Find the Other
    t =    11.35s Find the Any (Element at index 54)
    t =    11.38s Find the Cell at {{20.0, 507.3}, {400.0, 207.3}}
    t =    11.41s Find the Cell
    t =    11.44s Find the Cell
    t =    11.46s Find the Any (Element at index 55)
    t =    11.50s Find the Cell at {{20.0, 714.7}, {400.0, 195.7}}
    t =    11.53s Find the Cell
    t =    11.55s Find the Cell
    t =    11.58s Find the Any (Element at index 56)
    t =    11.61s Find the Cell at {{20.0, 910.3}, {400.0, 195.7}}
    t =    11.64s Find the Cell
    t =    11.67s Find the Cell
    t =    11.69s Find the Any (Element at index 57)
    t =    11.72s Find the Other at {{40.0, 909.3}, {360.0, 1.0}}
    t =    11.75s Find the Other
    t =    11.77s Find the Other
    t =    11.80s Find the Any (Element at index 58)
    t =    11.83s Find the "Vertical scroll bar, 5 pages" Other
    t =    11.86s Find the "Vertical scroll bar, 5 pages" Other
    t =    11.88s Find the "Vertical scroll bar, 5 pages" Other
    t =    11.91s Find the "Vertical scroll bar, 5 pages" Other
    t =    11.93s Find the Any (Element at index 59)
    t =    11.96s Find the Other at {{0.0, 808.2}, {440.0, 147.8}}
    t =    11.99s Find the Other
    t =    12.02s Find the Other
    t =    12.04s Find the Any (Element at index 60)
    t =    12.07s Find the Other at {{20.0, 189.0}, {400.0, 145.3}}
    t =    12.10s Find the Other
    t =    12.13s Find the Other
    t =    12.16s Find the Any (Element at index 61)
    t =    12.20s Find the Other at {{20.0, 189.0}, {400.0, 145.3}}
    t =    12.23s Find the Other
    t =    12.26s Find the Other
    t =    12.29s Find the Any (Element at index 62)
    t =    12.32s Find the Other at {{20.0, 334.3}, {400.0, 155.3}}
    t =    12.35s Find the Other
    t =    12.38s Find the Other
    t =    12.41s Find the Any (Element at index 63)
    t =    12.44s Find the Other at {{20.0, 334.3}, {400.0, 155.3}}
    t =    12.47s Find the Other
    t =    12.50s Find the Other
    t =    12.53s Find the Any (Element at index 64)
    t =    12.56s Find the Other at {{20.0, 507.3}, {400.0, 207.3}}
    t =    12.59s Find the Other
    t =    12.62s Find the Other
    t =    12.65s Find the Any (Element at index 65)
    t =    12.68s Find the Other at {{20.0, 507.3}, {400.0, 207.3}}
    t =    12.71s Find the Other
    t =    12.74s Find the Other
    t =    12.76s Find the Any (Element at index 66)
    t =    12.79s Find the Other at {{20.0, 714.7}, {400.0, 195.7}}
    t =    12.82s Find the Other
    t =    12.85s Find the Other
    t =    12.88s Find the Any (Element at index 67)
    t =    12.91s Find the Other at {{20.0, 714.7}, {400.0, 195.7}}
    t =    12.94s Find the Other
    t =    12.98s Find the Other
    t =    13.01s Find the Any (Element at index 68)
    t =    13.04s Find the Other at {{20.0, 910.3}, {400.0, 195.7}}
    t =    13.08s Find the Other
    t =    13.11s Find the Other
    t =    13.14s Find the Any (Element at index 69)
    t =    13.18s Find the Other at {{20.0, 910.3}, {400.0, 195.7}}
    t =    13.21s Find the Other
    t =    13.24s Find the Other
    t =    13.27s Find the Any (Element at index 70)
    t =    13.31s Find the Other at {{434.0, 863.0}, {3.0, 7.0}}
    t =    13.34s Find the Other
    t =    13.37s Find the Other
    t =    13.40s Find the Any (Element at index 71)
    t =    13.44s Find the "AdditionalDimmingOverlay" Image
    t =    13.47s Find the "AdditionalDimmingOverlay" Image
    t =    13.50s Find the "AdditionalDimmingOverlay" Image
    t =    13.53s Find the "AdditionalDimmingOverlay" Image
    t =    13.57s Find the Any (Element at index 72)
    t =    13.60s Find the Other at {{0.0, 808.2}, {440.0, 147.8}}
    t =    13.64s Find the Other
    t =    13.67s Find the Other
    t =    13.70s Find the Any (Element at index 73)
    t =    13.74s Find the Other at {{0.0, 808.2}, {440.0, 147.8}}
    t =    13.77s Find the Other
    t =    13.80s Find the Other
    t =    13.83s Find the Any (Element at index 74)
    t =    13.87s Find the Other at {{20.0, 189.0}, {400.0, 145.3}}
    t =    13.91s Find the Other
    t =    13.94s Find the Other
    t =    13.97s Find the Any (Element at index 75)
    t =    14.01s Find the Other at {{20.0, 334.3}, {400.0, 155.3}}
    t =    14.04s Find the Other
    t =    14.08s Find the Other
    t =    14.11s Find the Any (Element at index 76)
    t =    14.14s Find the Other at {{20.0, 334.3}, {400.0, 155.3}}
    t =    14.18s Find the Other
    t =    14.21s Find the Other
    t =    14.24s Find the Any (Element at index 77)
    t =    14.28s Find the Other at {{20.0, 507.3}, {400.0, 207.3}}
    t =    14.31s Find the Other
    t =    14.34s Find the Other
    t =    14.37s Find the Any (Element at index 78)
    t =    14.41s Find the Other at {{20.0, 714.7}, {400.0, 195.7}}
    t =    14.44s Find the Other
    t =    14.47s Find the Other
    t =    14.50s Find the Any (Element at index 79)
    t =    14.53s Find the Other at {{20.0, 714.7}, {400.0, 195.7}}
    t =    14.56s Find the Other
    t =    14.59s Find the Other
    t =    14.62s Find the Any (Element at index 80)
    t =    14.66s Find the Other at {{20.0, 910.3}, {400.0, 195.7}}
    t =    14.69s Find the Other
    t =    14.72s Find the Other
    t =    14.74s Find the Any (Element at index 81)
    t =    14.78s Find the Other at {{20.0, 910.3}, {400.0, 195.7}}
    t =    14.81s Find the Other
    t =    14.84s Find the Other
    t =    14.87s Find the Any (Element at index 82)
    t =    14.91s Find the Other at {{0.0, 808.2}, {440.0, 147.8}}
    t =    14.94s Find the Other
    t =    14.98s Find the Other
    t =    15.01s Find the Any (Element at index 83)
    t =    15.04s Find the Other at {{0.0, 808.2}, {440.0, 147.8}}
    t =    15.08s Find the Other
    t =    15.11s Find the Other
    t =    15.15s Find the Any (Element at index 84)
    t =    15.18s Find the Other at {{0.0, 808.2}, {440.0, 147.8}}
    t =    15.22s Find the Other
    t =    15.26s Find the Other
    t =    15.29s Find the Any (Element at index 85)
    t =    15.32s Find the Other at {{20.0, 189.0}, {400.0, 145.3}}
    t =    15.36s Find the Other
    t =    15.39s Find the Other
    t =    15.42s Find the Any (Element at index 86)
    t =    15.46s Find the Other at {{20.0, 334.3}, {400.0, 155.3}}
    t =    15.50s Find the Other
    t =    15.53s Find the Other
    t =    15.57s Find the Any (Element at index 87)
    t =    15.61s Find the Other at {{20.0, 507.3}, {400.0, 207.3}}
    t =    15.64s Find the Other
    t =    15.68s Find the Other
    t =    15.72s Find the Any (Element at index 88)
    t =    15.76s Find the Other at {{20.0, 714.7}, {400.0, 195.7}}
    t =    15.79s Find the Other
    t =    15.83s Find the Other
    t =    15.86s Find the Any (Element at index 89)
    t =    15.90s Find the Other at {{20.0, 910.3}, {400.0, 195.7}}
    t =    15.94s Find the Other
    t =    15.98s Find the Other
    t =    16.01s Find the Any (Element at index 90)
    t =    16.05s Find the "Preregistered state" StaticText
    t =    16.09s Find the "Preregistered state" StaticText
    t =    16.12s Find the "Preregistered state" StaticText
    t =    16.16s Find the "Preregistered state" StaticText
    t =    16.19s Find the Any (Element at index 91)
    t =    16.22s Find the "prototype.variant" StaticText
    t =    16.26s Find the "prototype.variant" StaticText
    t =    16.29s Find the "prototype.variant" StaticText
    t =    16.32s Find the "prototype.variant" StaticText
    t =    16.36s Find the "prototype.variant" StaticText
    t =    16.39s Find the Any (Element at index 92)
    t =    16.43s Find the "Native navigation links" StaticText
    t =    16.46s Find the "Native navigation links" StaticText
    t =    16.50s Find the "Native navigation links" StaticText
    t =    16.53s Find the "Native navigation links" StaticText
    t =    16.57s Find the Any (Element at index 93)
    t =    16.61s Find the "prototype.row.1" Button
    t =    16.64s Find the "prototype.row.1" Button
    t =    16.68s Find the "prototype.row.1" Button
    t =    16.71s Find the "prototype.row.1" Button
    t =    16.74s Find the "prototype.row.1" Button
    t =    16.78s Find the Any (Element at index 94)
    t =    16.82s Find the "prototype.row.2" Button
    t =    16.85s Find the "prototype.row.2" Button
    t =    16.89s Find the "prototype.row.2" Button
    t =    16.92s Find the "prototype.row.2" Button
    t =    16.96s Find the "prototype.row.2" Button
    t =    17.00s Find the Any (Element at index 95)
    t =    17.04s Find the "Native row 1" StaticText
    t =    17.07s Find the "Native row 1" StaticText
    t =    17.11s Find the "Native row 1" StaticText
    t =    17.15s Find the "Native row 1" StaticText
    t =    17.18s Find the Any (Element at index 96)
    t =    17.22s Find the "System secondary label" StaticText
    t =    17.26s Find the "System secondary label" StaticText
    t =    17.29s Find the "System secondary label" StaticText
    t =    17.33s Find the "System secondary label" StaticText
    t =    17.36s Find the Any (Element at index 97)
    t =    17.40s Find the "chevron.forward" Image
    t =    17.43s Find the "chevron.forward" Image
    t =    17.47s Find the "chevron.forward" Image
    t =    17.51s Find the "chevron.forward" Image
    t =    17.55s Find the Any (Element at index 98)
    t =    17.59s Find the "Native row 2" StaticText
    t =    17.63s Find the "Native row 2" StaticText
    t =    17.66s Find the "Native row 2" StaticText
    t =    17.70s Find the "Native row 2" StaticText
    t =    17.73s Find the Any (Element at index 99)
    t =    17.77s Find the "System secondary label" StaticText
    t =    17.81s Find the "System secondary label" StaticText
    t =    17.84s Find the "System secondary label" StaticText
    t =    17.88s Find the "System secondary label" StaticText
    t =    17.91s Find the Any (Element at index 100)
    t =    17.95s Find the "chevron.forward" Image
    t =    17.99s Find the "chevron.forward" Image
    t =    18.02s Find the "chevron.forward" Image
    t =    18.06s Find the "chevron.forward" Image
    t =    18.09s Added attachment named '01-automatic-edge-light-AX5-accessibility-element-inventory'
    t =    18.48s Find the Any (Descendant with identity binding to AX element pid: 40807, elementOrHash.elementID: 4391888960.100)
    t =    18.50s Checking existence of `"System secondary label" StaticText`
    t =    18.52s Find the "System secondary label" StaticText
/Users/devin/dev/repos/github@zenbujapanese/zenbujapanese-monorepo-prototype-293/prototypes/issue-293-liquid-glass-audit-controls/UITests/PrototypeIssue293UITests.swift:9: error: -[PrototypeIssue293UITests.PrototypeIssue293UITests test01AutomaticEdgeLightAX5] : Contrast failed
    t =    18.59s Find the Any (Descendant with identity binding to AX element pid: 40807, elementOrHash.elementID: 4391891200.102)
    t =    18.61s Checking existence of `"Native row 2" StaticText`
    t =    18.63s Find the "Native row 2" StaticText
/Users/devin/dev/repos/github@zenbujapanese/zenbujapanese-monorepo-prototype-293/prototypes/issue-293-liquid-glass-audit-controls/UITests/PrototypeIssue293UITests.swift:9: error: -[PrototypeIssue293UITests.PrototypeIssue293UITests test01AutomaticEdgeLightAX5] : Contrast failed
    t =    18.67s Tear Down
Test Case '-[PrototypeIssue293UITests.PrototypeIssue293UITests test01AutomaticEdgeLightAX5]' failed (18.930 seconds).
Test Case '-[PrototypeIssue293UITests.PrototypeIssue293UITests test02AutomaticEdgeDarkAX5]' started.
    t =     0.00s Start Test at 2026-09-05 07:50:07.373
    t =     0.03s Set Up
    t =     0.03s Setting appearance mode to Dark
    t =     2.04s     Wait for dev.zenbujapanese.prototype.issue293 to idle
    t =     2.05s Open dev.zenbujapanese.prototype.issue293
    t =     2.05s     Launch dev.zenbujapanese.prototype.issue293
    t =     2.05s         Terminate dev.zenbujapanese.prototype.issue293:40807
2026-09-05 07:50:10.485 xcodebuild[40781:5834189] [MT] IDELaunchParametersSnapshot: The operation couldn’t be completed. (DebuggerLLDB.DebuggerVersionStore.StoreError error 0.)
2026-09-05 07:50:10.485 xcodebuild[40781:5834189] [MT] IDELaunchParametersSnapshot: no debugger version
    t =     3.32s         Setting up automation session
    t =     4.07s         Wait for dev.zenbujapanese.prototype.issue293 to idle
    t =     5.42s Waiting 5.0s for "prototype.screen" CollectionView to exist
    t =     6.47s     Checking `Expect predicate `existsNoRetry == 1` for object "prototype.screen" CollectionView`
    t =     6.47s         Checking existence of `"prototype.screen" CollectionView`
    t =     6.66s Added attachment named '02-automatic-edge-dark-AX5'
    t =     6.66s Added attachment named '02-automatic-edge-dark-AX5-public-accessibility-settings'
    t =     6.67s Get all elements bound by index for: Descendants matching type Any
    t =     6.71s Find the Any (Element at index 0)
    t =     6.74s Find the Window at {{0.0, 0.0}, {440.0, 956.0}}
    t =     6.76s Find the Window
    t =     6.78s Find the Window
    t =     6.80s Find the Any (Element at index 1)
    t =     6.83s Find the Other at {{0.0, 0.0}, {440.0, 956.0}}
    t =     6.85s Find the Other
    t =     6.87s Find the Other
    t =     6.89s Find the Any (Element at index 2)
    t =     6.91s Find the Other at {{0.0, 0.0}, {440.0, 956.0}}
    t =     6.93s Find the Other
    t =     6.95s Find the Other
    t =     6.97s Find the Any (Element at index 3)
    t =     6.99s Find the Other at {{0.0, 0.0}, {440.0, 956.0}}
    t =     7.01s Find the Other
    t =     7.03s Find the Other
    t =     7.05s Find the Any (Element at index 4)
    t =     7.08s Find the Other at {{0.0, 0.0}, {440.0, 956.0}}
    t =     7.10s Find the Other
    t =     7.12s Find the Other
    t =     7.14s Find the Any (Element at index 5)
    t =     7.16s Find the Other at {{0.0, 0.0}, {440.0, 956.0}}
    t =     7.19s Find the Other
    t =     7.21s Find the Other
    t =     7.23s Find the Any (Element at index 6)
    t =     7.25s Find the Other at {{0.0, 0.0}, {440.0, 956.0}}
    t =     7.27s Find the Other
    t =     7.29s Find the Other
    t =     7.31s Find the Any (Element at index 7)
    t =     7.34s Find the Other at {{0.0, 873.0}, {440.0, 83.0}}
    t =     7.36s Find the Other
    t =     7.40s Find the Other
    t =     7.42s Find the Any (Element at index 8)
    t =     7.44s Find the Other at {{0.0, 0.0}, {440.0, 956.0}}
    t =     7.46s Find the Other
    t =     7.49s Find the Other
    t =     7.51s Find the Any (Element at index 9)
    t =     7.53s Find the Other at {{0.0, 0.0}, {440.0, 956.0}}
    t =     7.55s Find the Other
    t =     7.57s Find the Other
    t =     7.60s Find the Any (Element at index 10)
    t =     7.62s Find the Other at {{0.0, 873.0}, {440.0, 83.0}}
    t =     7.65s Find the Other
    t =     7.67s Find the Other
    t =     7.69s Find the Any (Element at index 11)
    t =     7.72s Find the Other at {{0.0, 0.0}, {440.0, 956.0}}
    t =     7.74s Find the Other
    t =     7.76s Find the Other
    t =     7.78s Find the Any (Element at index 12)
    t =     7.80s Find the "Tab Bar" TabBar
    t =     7.83s Find the "Tab Bar" TabBar
    t =     7.85s Find the "Tab Bar" TabBar
    t =     7.87s Find the "Tab Bar" TabBar
    t =     7.89s Find the Any (Element at index 13)
    t =     7.91s Find the Other at {{0.0, 873.0}, {440.0, 83.0}}
    t =     7.93s Find the Other
    t =     7.96s Find the Other
    t =     7.98s Find the Any (Element at index 14)
    t =     8.00s Find the Other at {{0.0, 0.0}, {440.0, 956.0}}
    t =     8.02s Find the Other
    t =     8.04s Find the Other
    t =     8.06s Find the Any (Element at index 15)
    t =     8.09s Find the Other at {{126.0, 873.0}, {188.0, 62.0}}
    t =     8.11s Find the Other
    t =     8.13s Find the Other
    t =     8.15s Find the Any (Element at index 16)
    t =     8.17s Find the Other at {{0.0, 873.0}, {440.0, 83.0}}
    t =     8.19s Find the Other
    t =     8.21s Find the Other
    t =     8.23s Find the Any (Element at index 17)
    t =     8.25s Find the Other at {{0.0, 0.0}, {440.0, 956.0}}
    t =     8.27s Find the Other
    t =     8.29s Find the Other
    t =     8.31s Find the Any (Element at index 18)
    t =     8.34s Find the Other at {{126.0, 873.0}, {94.0, 54.0}}
    t =     8.36s Find the Other
    t =     8.38s Find the Other
    t =     8.40s Find the Any (Element at index 19)
    t =     8.42s Find the Other at {{126.0, 873.0}, {188.0, 62.0}}
    t =     8.45s Find the Other
    t =     8.47s Find the Other
    t =     8.49s Find the Any (Element at index 20)
    t =     8.52s Find the Other at {{130.0, 877.0}, {94.0, 54.0}}
    t =     8.54s Find the Other
    t =     8.56s Find the Other
    t =     8.58s Find the Any (Element at index 21)
    t =     8.61s Find the Other at {{0.0, 873.0}, {440.0, 83.0}}
    t =     8.64s Find the Other
    t =     8.66s Find the Other
    t =     8.68s Find the Any (Element at index 22)
    t =     8.71s Find the Other at {{0.0, 873.0}, {440.0, 83.0}}
    t =     8.73s Find the Other
    t =     8.76s Find the Other
    t =     8.78s Find the Any (Element at index 23)
    t =     8.81s Find the Other at {{0.0, 0.0}, {440.0, 956.0}}
    t =     8.83s Find the Other
    t =     8.86s Find the Other
    t =     8.88s Find the Any (Element at index 24)
    t =     8.90s Find the "Controls" Button
    t =     8.93s Find the "Controls" Button
    t =     8.95s Find the "Controls" Button
    t =     8.97s Find the "Controls" Button
    t =     8.99s Find the Any (Element at index 25)
    t =     9.02s Find the "About" Button
    t =     9.04s Find the "About" Button
    t =     9.07s Find the "About" Button
    t =     9.09s Find the "About" Button
    t =     9.11s Find the Any (Element at index 26)
    t =     9.14s Find the Other at {{130.0, 877.0}, {94.0, 54.0}}
    t =     9.16s Find the Other
    t =     9.18s Find the Other
    t =     9.20s Find the Any (Element at index 27)
    t =     9.23s Find the Other at {{0.0, 873.0}, {440.0, 83.0}}
    t =     9.25s Find the Other
    t =     9.27s Find the Other
    t =     9.29s Find the Any (Element at index 28)
    t =     9.32s Find the Other at {{0.0, 873.0}, {440.0, 83.0}}
    t =     9.35s Find the Other
    t =     9.37s Find the Other
    t =     9.39s Find the Any (Element at index 29)
    t =     9.41s Find the "Native Controls" NavigationBar
    t =     9.44s Find the "Native Controls" NavigationBar
    t =     9.46s Find the "Native Controls" NavigationBar
    t =     9.49s Find the "Native Controls" NavigationBar
    t =     9.51s Find the Any (Element at index 30)
    t =     9.53s Find the Other at {{0.0, 0.0}, {440.0, 956.0}}
    t =     9.56s Find the Other
    t =     9.58s Find the Other
    t =     9.61s Find the Any (Element at index 31)
    t =     9.63s Find the Other at {{0.0, 0.0}, {440.0, 956.0}}
    t =     9.66s Find the Other
    t =     9.68s Find the Other
    t =     9.71s Find the Any (Element at index 32)
    t =     9.74s Find the "list.bullet" Image
    t =     9.76s Find the "list.bullet" Image
    t =     9.79s Find the "list.bullet" Image
    t =     9.81s Find the "list.bullet" Image
    t =     9.84s Find the "list.bullet" Image
    t =     9.86s Find the Any (Element at index 33)
    t =     9.89s Find the "info.circle.fill" Image
    t =     9.92s Find the "info.circle.fill" Image
    t =     9.94s Find the "info.circle.fill" Image
    t =     9.96s Find the "info.circle.fill" Image
    t =     9.99s Find the "info.circle.fill" Image
    t =    10.01s Find the Any (Element at index 34)
    t =    10.04s Find the Other at {{130.0, 877.0}, {94.0, 54.0}}
    t =    10.06s Find the Other
    t =    10.09s Find the Other
    t =    10.11s Find the Any (Element at index 35)
    t =    10.13s Find the Other at {{130.0, 877.0}, {94.0, 54.0}}
    t =    10.16s Find the Other
    t =    10.18s Find the Other
    t =    10.20s Find the Any (Element at index 36)
    t =    10.23s Find the Other at {{0.0, 873.0}, {440.0, 83.0}}
    t =    10.25s Find the Other
    t =    10.28s Find the Other
    t =    10.30s Find the Any (Element at index 37)
    t =    10.33s Find the "Native Controls" StaticText
    t =    10.35s Find the "Native Controls" StaticText
    t =    10.37s Find the "Native Controls" StaticText
    t =    10.40s Find the "Native Controls" StaticText
    t =    10.42s Find the Any (Element at index 38)
    t =    10.45s Find the Other at {{0.0, 0.0}, {440.0, 956.0}}
    t =    10.47s Find the Other
    t =    10.49s Find the Other
    t =    10.52s Find the Any (Element at index 39)
    t =    10.54s Find the Other at {{0.0, 0.0}, {440.0, 956.0}}
    t =    10.57s Find the Other
    t =    10.60s Find the Other
    t =    10.62s Find the Any (Element at index 40)
    t =    10.65s Find the Other at {{130.0, 877.0}, {94.0, 54.0}}
    t =    10.67s Find the Other
    t =    10.70s Find the Other
    t =    10.72s Find the Any (Element at index 41)
    t =    10.75s Find the Other at {{130.0, 877.0}, {94.0, 54.0}}
    t =    10.78s Find the Other
    t =    10.80s Find the Other
    t =    10.83s Find the Any (Element at index 42)
    t =    10.85s Find the Other at {{0.0, 0.0}, {440.0, 956.0}}
    t =    10.88s Find the Other
    t =    10.90s Find the Other
    t =    10.93s Find the Any (Element at index 43)
    t =    10.95s Find the Other at {{130.0, 877.0}, {94.0, 54.0}}
    t =    10.98s Find the Other
    t =    11.00s Find the Other
    t =    11.03s Find the Any (Element at index 44)
    t =    11.06s Find the Other at {{130.0, 877.0}, {94.0, 54.0}}
    t =    11.09s Find the Other
    t =    11.12s Find the Other
    t =    11.14s Find the Any (Element at index 45)
    t =    11.17s Find the Other at {{0.0, 0.0}, {440.0, 956.0}}
    t =    11.20s Find the Other
    t =    11.23s Find the Other
    t =    11.25s Find the Any (Element at index 46)
    t =    11.28s Find the Other at {{130.0, 877.0}, {94.0, 54.0}}
    t =    11.31s Find the Other
    t =    11.33s Find the Other
    t =    11.36s Find the Any (Element at index 47)
    t =    11.39s Find the "prototype.screen" CollectionView
    t =    11.42s Find the "prototype.screen" CollectionView
    t =    11.45s Find the "prototype.screen" CollectionView
    t =    11.48s Find the "prototype.screen" CollectionView
    t =    11.50s Find the Any (Element at index 48)
    t =    11.53s Find the Other at {{-20.0, -1723.0}, {480.0, 2230.3}}
    t =    11.56s Find the Other
    t =    11.59s Find the Other
    t =    11.61s Find the Any (Element at index 49)
    t =    11.65s Find the Other at {{0.0, 0.0}, {440.0, 956.0}}
    t =    11.67s Find the Other
    t =    11.70s Find the Other
    t =    11.73s Find the Any (Element at index 50)
    t =    11.76s Find the Other at {{0.0, 0.0}, {440.0, 956.0}}
    t =    11.79s Find the Other
    t =    11.81s Find the Other
    t =    11.84s Find the Any (Element at index 51)
    t =    11.87s Find the Cell at {{20.0, 189.0}, {400.0, 145.3}}
    t =    11.90s Find the Cell
    t =    11.93s Find the Cell
    t =    11.96s Find the Any (Element at index 52)
    t =    11.99s Find the Cell at {{20.0, 334.3}, {400.0, 155.3}}
    t =    12.03s Find the Cell
    t =    12.06s Find the Cell
    t =    12.09s Find the Any (Element at index 53)
    t =    12.12s Find the Other at {{-20.0, 507.3}, {480.0, 4456.0}}
    t =    12.15s Find the Other
    t =    12.18s Find the Other
    t =    12.21s Find the Any (Element at index 54)
    t =    12.24s Find the Cell at {{20.0, 507.3}, {400.0, 207.3}}
    t =    12.27s Find the Cell
    t =    12.30s Find the Cell
    t =    12.33s Find the Any (Element at index 55)
    t =    12.37s Find the Cell at {{20.0, 714.7}, {400.0, 195.7}}
    t =    12.40s Find the Cell
    t =    12.43s Find the Cell
    t =    12.46s Find the Any (Element at index 56)
    t =    12.49s Find the Cell at {{20.0, 910.3}, {400.0, 195.7}}
    t =    12.52s Find the Cell
    t =    12.55s Find the Cell
    t =    12.58s Find the Any (Element at index 57)
    t =    12.61s Find the Other at {{40.0, 909.3}, {360.0, 1.0}}
    t =    12.64s Find the Other
    t =    12.67s Find the Other
    t =    12.70s Find the Any (Element at index 58)
    t =    12.74s Find the "Vertical scroll bar, 5 pages" Other
    t =    12.77s Find the "Vertical scroll bar, 5 pages" Other
    t =    12.80s Find the "Vertical scroll bar, 5 pages" Other
    t =    12.83s Find the "Vertical scroll bar, 5 pages" Other
    t =    12.85s Find the Any (Element at index 59)
    t =    12.89s Find the Other at {{0.0, 808.2}, {440.0, 147.8}}
    t =    12.92s Find the Other
    t =    12.95s Find the Other
    t =    12.97s Find the Any (Element at index 60)
    t =    13.01s Find the Other at {{20.0, 189.0}, {400.0, 145.3}}
    t =    13.04s Find the Other
    t =    13.07s Find the Other
    t =    13.10s Find the Any (Element at index 61)
    t =    13.13s Find the Other at {{20.0, 189.0}, {400.0, 145.3}}
    t =    13.16s Find the Other
    t =    13.19s Find the Other
    t =    13.22s Find the Any (Element at index 62)
    t =    13.25s Find the Other at {{20.0, 334.3}, {400.0, 155.3}}
    t =    13.28s Find the Other
    t =    13.31s Find the Other
    t =    13.34s Find the Any (Element at index 63)
    t =    13.37s Find the Other at {{20.0, 334.3}, {400.0, 155.3}}
    t =    13.40s Find the Other
    t =    13.43s Find the Other
    t =    13.46s Find the Any (Element at index 64)
    t =    13.50s Find the Other at {{20.0, 507.3}, {400.0, 207.3}}
    t =    13.53s Find the Other
    t =    13.56s Find the Other
    t =    13.59s Find the Any (Element at index 65)
    t =    13.63s Find the Other at {{20.0, 507.3}, {400.0, 207.3}}
    t =    13.67s Find the Other
    t =    13.70s Find the Other
    t =    13.73s Find the Any (Element at index 66)
    t =    13.77s Find the Other at {{20.0, 714.7}, {400.0, 195.7}}
    t =    13.80s Find the Other
    t =    13.83s Find the Other
    t =    13.87s Find the Any (Element at index 67)
    t =    13.90s Find the Other at {{20.0, 714.7}, {400.0, 195.7}}
    t =    13.93s Find the Other
    t =    13.97s Find the Other
    t =    14.00s Find the Any (Element at index 68)
    t =    14.03s Find the Other at {{20.0, 910.3}, {400.0, 195.7}}
    t =    14.07s Find the Other
    t =    14.10s Find the Other
    t =    14.13s Find the Any (Element at index 69)
    t =    14.16s Find the Other at {{20.0, 910.3}, {400.0, 195.7}}
    t =    14.19s Find the Other
    t =    14.22s Find the Other
    t =    14.25s Find the Any (Element at index 70)
    t =    14.29s Find the Other at {{434.0, 863.0}, {3.0, 7.0}}
    t =    14.32s Find the Other
    t =    14.35s Find the Other
    t =    14.38s Find the Any (Element at index 71)
    t =    14.41s Find the "AdditionalDimmingOverlay" Image
    t =    14.44s Find the "AdditionalDimmingOverlay" Image
    t =    14.47s Find the "AdditionalDimmingOverlay" Image
    t =    14.50s Find the "AdditionalDimmingOverlay" Image
    t =    14.53s Find the Any (Element at index 72)
    t =    14.57s Find the Other at {{0.0, 808.2}, {440.0, 147.8}}
    t =    14.60s Find the Other
    t =    14.63s Find the Other
    t =    14.66s Find the Any (Element at index 73)
    t =    14.69s Find the Other at {{0.0, 808.2}, {440.0, 147.8}}
    t =    14.72s Find the Other
    t =    14.75s Find the Other
    t =    14.78s Find the Any (Element at index 74)
    t =    14.81s Find the Other at {{20.0, 189.0}, {400.0, 145.3}}
    t =    14.84s Find the Other
    t =    14.88s Find the Other
    t =    14.91s Find the Any (Element at index 75)
    t =    14.94s Find the Other at {{20.0, 334.3}, {400.0, 155.3}}
    t =    14.97s Find the Other
    t =    15.01s Find the Other
    t =    15.04s Find the Any (Element at index 76)
    t =    15.07s Find the Other at {{20.0, 334.3}, {400.0, 155.3}}
    t =    15.10s Find the Other
    t =    15.14s Find the Other
    t =    15.17s Find the Any (Element at index 77)
    t =    15.20s Find the Other at {{20.0, 507.3}, {400.0, 207.3}}
    t =    15.23s Find the Other
    t =    15.26s Find the Other
    t =    15.29s Find the Any (Element at index 78)
    t =    15.33s Find the Other at {{20.0, 714.7}, {400.0, 195.7}}
    t =    15.36s Find the Other
    t =    15.39s Find the Other
    t =    15.43s Find the Any (Element at index 79)
    t =    15.46s Find the Other at {{20.0, 714.7}, {400.0, 195.7}}
    t =    15.49s Find the Other
    t =    15.53s Find the Other
    t =    15.56s Find the Any (Element at index 80)
    t =    15.59s Find the Other at {{20.0, 910.3}, {400.0, 195.7}}
    t =    15.63s Find the Other
    t =    15.66s Find the Other
    t =    15.69s Find the Any (Element at index 81)
    t =    15.73s Find the Other at {{20.0, 910.3}, {400.0, 195.7}}
    t =    15.76s Find the Other
    t =    15.79s Find the Other
    t =    15.82s Find the Any (Element at index 82)
    t =    15.86s Find the Other at {{0.0, 808.2}, {440.0, 147.8}}
    t =    15.90s Find the Other
    t =    15.93s Find the Other
    t =    15.96s Find the Any (Element at index 83)
    t =    16.00s Find the Other at {{0.0, 808.2}, {440.0, 147.8}}
    t =    16.03s Find the Other
    t =    16.07s Find the Other
    t =    16.10s Find the Any (Element at index 84)
    t =    16.14s Find the Other at {{0.0, 808.2}, {440.0, 147.8}}
    t =    16.18s Find the Other
    t =    16.21s Find the Other
    t =    16.24s Find the Any (Element at index 85)
    t =    16.28s Find the Other at {{20.0, 189.0}, {400.0, 145.3}}
    t =    16.32s Find the Other
    t =    16.35s Find the Other
    t =    16.38s Find the Any (Element at index 86)
    t =    16.42s Find the Other at {{20.0, 334.3}, {400.0, 155.3}}
    t =    16.45s Find the Other
    t =    16.48s Find the Other
    t =    16.52s Find the Any (Element at index 87)
    t =    16.55s Find the Other at {{20.0, 507.3}, {400.0, 207.3}}
    t =    16.59s Find the Other
    t =    16.62s Find the Other
    t =    16.66s Find the Any (Element at index 88)
    t =    16.70s Find the Other at {{20.0, 714.7}, {400.0, 195.7}}
    t =    16.74s Find the Other
    t =    16.78s Find the Other
    t =    16.81s Find the Any (Element at index 89)
    t =    16.85s Find the Other at {{20.0, 910.3}, {400.0, 195.7}}
    t =    16.89s Find the Other
    t =    16.92s Find the Other
    t =    16.96s Find the Any (Element at index 90)
    t =    16.99s Find the "Preregistered state" StaticText
    t =    17.03s Find the "Preregistered state" StaticText
    t =    17.07s Find the "Preregistered state" StaticText
    t =    17.11s Find the "Preregistered state" StaticText
    t =    17.15s Find the Any (Element at index 91)
    t =    17.18s Find the "prototype.variant" StaticText
    t =    17.22s Find the "prototype.variant" StaticText
    t =    17.25s Find the "prototype.variant" StaticText
    t =    17.29s Find the "prototype.variant" StaticText
    t =    17.32s Find the "prototype.variant" StaticText
    t =    17.35s Find the Any (Element at index 92)
    t =    17.39s Find the "Native navigation links" StaticText
    t =    17.43s Find the "Native navigation links" StaticText
    t =    17.47s Find the "Native navigation links" StaticText
    t =    17.51s Find the "Native navigation links" StaticText
    t =    17.54s Find the Any (Element at index 93)
    t =    17.58s Find the "prototype.row.1" Button
    t =    17.62s Find the "prototype.row.1" Button
    t =    17.65s Find the "prototype.row.1" Button
    t =    17.68s Find the "prototype.row.1" Button
    t =    17.72s Find the "prototype.row.1" Button
    t =    17.75s Find the Any (Element at index 94)
    t =    17.78s Find the "prototype.row.2" Button
    t =    17.82s Find the "prototype.row.2" Button
    t =    17.85s Find the "prototype.row.2" Button
    t =    17.88s Find the "prototype.row.2" Button
    t =    17.92s Find the "prototype.row.2" Button
    t =    17.95s Find the Any (Element at index 95)
    t =    17.99s Find the "Native row 1" StaticText
    t =    18.03s Find the "Native row 1" StaticText
    t =    18.07s Find the "Native row 1" StaticText
    t =    18.10s Find the "Native row 1" StaticText
    t =    18.14s Find the Any (Element at index 96)
    t =    18.17s Find the "System secondary label" StaticText
    t =    18.21s Find the "System secondary label" StaticText
    t =    18.24s Find the "System secondary label" StaticText
    t =    18.28s Find the "System secondary label" StaticText
    t =    18.31s Find the Any (Element at index 97)
    t =    18.35s Find the "chevron.forward" Image
    t =    18.38s Find the "chevron.forward" Image
    t =    18.42s Find the "chevron.forward" Image
    t =    18.45s Find the "chevron.forward" Image
    t =    18.48s Find the Any (Element at index 98)
    t =    18.52s Find the "Native row 2" StaticText
    t =    18.56s Find the "Native row 2" StaticText
    t =    18.60s Find the "Native row 2" StaticText
    t =    18.63s Find the "Native row 2" StaticText
    t =    18.66s Find the Any (Element at index 99)
    t =    18.70s Find the "System secondary label" StaticText
    t =    18.74s Find the "System secondary label" StaticText
    t =    18.77s Find the "System secondary label" StaticText
    t =    18.81s Find the "System secondary label" StaticText
    t =    18.84s Find the Any (Element at index 100)
    t =    18.88s Find the "chevron.forward" Image
    t =    18.92s Find the "chevron.forward" Image
    t =    18.95s Find the "chevron.forward" Image
    t =    18.99s Find the "chevron.forward" Image
    t =    19.02s Added attachment named '02-automatic-edge-dark-AX5-accessibility-element-inventory'
    t =    19.41s Find the Any (Descendant with identity binding to AX element pid: 40895, elementOrHash.elementID: 4383485760.100)
    t =    19.43s Checking existence of `"System secondary label" StaticText`
    t =    19.44s Find the "System secondary label" StaticText
/Users/devin/dev/repos/github@zenbujapanese/zenbujapanese-monorepo-prototype-293/prototypes/issue-293-liquid-glass-audit-controls/UITests/PrototypeIssue293UITests.swift:16: error: -[PrototypeIssue293UITests.PrototypeIssue293UITests test02AutomaticEdgeDarkAX5] : Contrast failed
    t =    19.48s Find the Any (Descendant with identity binding to AX element pid: 40895, elementOrHash.elementID: 4383488448.102)
    t =    19.51s Checking existence of `"Native row 2" StaticText`
    t =    19.52s Find the "Native row 2" StaticText
/Users/devin/dev/repos/github@zenbujapanese/zenbujapanese-monorepo-prototype-293/prototypes/issue-293-liquid-glass-audit-controls/UITests/PrototypeIssue293UITests.swift:16: error: -[PrototypeIssue293UITests.PrototypeIssue293UITests test02AutomaticEdgeDarkAX5] : Contrast failed
    t =    19.57s Tear Down
Test Case '-[PrototypeIssue293UITests.PrototypeIssue293UITests test02AutomaticEdgeDarkAX5]' failed (19.785 seconds).
Test Case '-[PrototypeIssue293UITests.PrototypeIssue293UITests test03HardEdgeLightAX5]' started.
    t =     0.00s Start Test at 2026-09-05 07:50:27.158
    t =     0.03s Set Up
    t =     0.03s Setting appearance mode to Light
    t =     2.04s     Wait for dev.zenbujapanese.prototype.issue293 to idle
    t =     2.04s Open dev.zenbujapanese.prototype.issue293
    t =     2.04s     Launch dev.zenbujapanese.prototype.issue293
    t =     2.05s         Terminate dev.zenbujapanese.prototype.issue293:40895
2026-09-05 07:50:30.226 xcodebuild[40781:5834189] [MT] IDELaunchParametersSnapshot: The operation couldn’t be completed. (DebuggerLLDB.DebuggerVersionStore.StoreError error 0.)
2026-09-05 07:50:30.226 xcodebuild[40781:5834189] [MT] IDELaunchParametersSnapshot: no debugger version
    t =     3.27s         Setting up automation session
    t =     4.00s         Wait for dev.zenbujapanese.prototype.issue293 to idle
    t =     5.30s Waiting 5.0s for "prototype.screen" CollectionView to exist
    t =     6.30s     Checking `Expect predicate `existsNoRetry == 1` for object "prototype.screen" CollectionView`
    t =     6.30s         Checking existence of `"prototype.screen" CollectionView`
    t =     6.50s Added attachment named '03-hard-edge-light-AX5'
    t =     6.50s Added attachment named '03-hard-edge-light-AX5-public-accessibility-settings'
    t =     6.50s Get all elements bound by index for: Descendants matching type Any
    t =     6.54s Find the Any (Element at index 0)
    t =     6.57s Find the Window at {{0.0, 0.0}, {440.0, 956.0}}
    t =     6.59s Find the Window
    t =     6.61s Find the Window
    t =     6.62s Find the Any (Element at index 1)
    t =     6.65s Find the Other at {{0.0, 0.0}, {440.0, 956.0}}
    t =     6.67s Find the Other
    t =     6.69s Find the Other
    t =     6.71s Find the Any (Element at index 2)
    t =     6.73s Find the Other at {{0.0, 0.0}, {440.0, 956.0}}
    t =     6.75s Find the Other
    t =     6.77s Find the Other
    t =     6.79s Find the Any (Element at index 3)
    t =     6.81s Find the Other at {{0.0, 0.0}, {440.0, 956.0}}
    t =     6.83s Find the Other
    t =     6.84s Find the Other
    t =     6.86s Find the Any (Element at index 4)
    t =     6.88s Find the Other at {{0.0, 0.0}, {440.0, 956.0}}
    t =     6.90s Find the Other
    t =     6.92s Find the Other
    t =     6.94s Find the Any (Element at index 5)
    t =     6.97s Find the Other at {{0.0, 0.0}, {440.0, 956.0}}
    t =     6.99s Find the Other
    t =     7.01s Find the Other
    t =     7.03s Find the Any (Element at index 6)
    t =     7.05s Find the Other at {{0.0, 0.0}, {440.0, 956.0}}
    t =     7.07s Find the Other
    t =     7.09s Find the Other
    t =     7.10s Find the Any (Element at index 7)
    t =     7.13s Find the Other at {{0.0, 873.0}, {440.0, 83.0}}
    t =     7.15s Find the Other
    t =     7.17s Find the Other
    t =     7.18s Find the Any (Element at index 8)
    t =     7.21s Find the Other at {{0.0, 0.0}, {440.0, 956.0}}
    t =     7.23s Find the Other
    t =     7.25s Find the Other
    t =     7.27s Find the Any (Element at index 9)
    t =     7.29s Find the Other at {{0.0, 0.0}, {440.0, 956.0}}
    t =     7.31s Find the Other
    t =     7.33s Find the Other
    t =     7.35s Find the Any (Element at index 10)
    t =     7.38s Find the Other at {{0.0, 873.0}, {440.0, 83.0}}
    t =     7.40s Find the Other
    t =     7.42s Find the Other
    t =     7.44s Find the Any (Element at index 11)
    t =     7.46s Find the Other at {{0.0, 0.0}, {440.0, 956.0}}
    t =     7.48s Find the Other
    t =     7.50s Find the Other
    t =     7.52s Find the Any (Element at index 12)
    t =     7.54s Find the "Tab Bar" TabBar
    t =     7.57s Find the "Tab Bar" TabBar
    t =     7.59s Find the "Tab Bar" TabBar
    t =     7.61s Find the "Tab Bar" TabBar
    t =     7.63s Find the Any (Element at index 13)
    t =     7.65s Find the Other at {{0.0, 873.0}, {440.0, 83.0}}
    t =     7.67s Find the Other
    t =     7.69s Find the Other
    t =     7.71s Find the Any (Element at index 14)
    t =     7.74s Find the Other at {{0.0, 0.0}, {440.0, 956.0}}
    t =     7.76s Find the Other
    t =     7.78s Find the Other
    t =     7.80s Find the Any (Element at index 15)
    t =     7.83s Find the Other at {{126.0, 873.0}, {188.0, 62.0}}
    t =     7.85s Find the Other
    t =     7.87s Find the Other
    t =     7.89s Find the Any (Element at index 16)
    t =     7.91s Find the Other at {{0.0, 873.0}, {440.0, 83.0}}
    t =     7.93s Find the Other
    t =     7.95s Find the Other
    t =     7.97s Find the Any (Element at index 17)
    t =     8.00s Find the Other at {{0.0, 0.0}, {440.0, 956.0}}
    t =     8.02s Find the Other
    t =     8.04s Find the Other
    t =     8.05s Find the Any (Element at index 18)
    t =     8.08s Find the Other at {{126.0, 873.0}, {94.0, 54.0}}
    t =     8.10s Find the Other
    t =     8.12s Find the Other
    t =     8.14s Find the Any (Element at index 19)
    t =     8.17s Find the Other at {{126.0, 873.0}, {188.0, 62.0}}
    t =     8.19s Find the Other
    t =     8.21s Find the Other
    t =     8.23s Find the Any (Element at index 20)
    t =     8.25s Find the Other at {{130.0, 877.0}, {94.0, 54.0}}
    t =     8.27s Find the Other
    t =     8.30s Find the Other
    t =     8.32s Find the Any (Element at index 21)
    t =     8.34s Find the Other at {{0.0, 873.0}, {440.0, 83.0}}
    t =     8.36s Find the Other
    t =     8.39s Find the Other
    t =     8.41s Find the Any (Element at index 22)
    t =     8.43s Find the Other at {{0.0, 873.0}, {440.0, 83.0}}
    t =     8.45s Find the Other
    t =     8.47s Find the Other
    t =     8.49s Find the Any (Element at index 23)
    t =     8.52s Find the Other at {{0.0, 0.0}, {440.0, 956.0}}
    t =     8.54s Find the Other
    t =     8.56s Find the Other
    t =     8.58s Find the Any (Element at index 24)
    t =     8.60s Find the "Controls" Button
    t =     8.63s Find the "Controls" Button
    t =     8.65s Find the "Controls" Button
    t =     8.67s Find the "Controls" Button
    t =     8.69s Find the Any (Element at index 25)
    t =     8.71s Find the "About" Button
    t =     8.74s Find the "About" Button
    t =     8.76s Find the "About" Button
    t =     8.78s Find the "About" Button
    t =     8.80s Find the Any (Element at index 26)
    t =     8.83s Find the Other at {{130.0, 877.0}, {94.0, 54.0}}
    t =     8.85s Find the Other
    t =     8.88s Find the Other
    t =     8.90s Find the Any (Element at index 27)
    t =     8.92s Find the Other at {{0.0, 873.0}, {440.0, 83.0}}
    t =     8.94s Find the Other
    t =     8.97s Find the Other
    t =     8.99s Find the Any (Element at index 28)
    t =     9.02s Find the Other at {{0.0, 873.0}, {440.0, 83.0}}
    t =     9.04s Find the Other
    t =     9.07s Find the Other
    t =     9.09s Find the Any (Element at index 29)
    t =     9.12s Find the "Native Controls" NavigationBar
    t =     9.14s Find the "Native Controls" NavigationBar
    t =     9.16s Find the "Native Controls" NavigationBar
    t =     9.19s Find the "Native Controls" NavigationBar
    t =     9.21s Find the Any (Element at index 30)
    t =     9.23s Find the Other at {{0.0, 0.0}, {440.0, 956.0}}
    t =     9.26s Find the Other
    t =     9.28s Find the Other
    t =     9.30s Find the Any (Element at index 31)
    t =     9.33s Find the Other at {{0.0, 0.0}, {440.0, 956.0}}
    t =     9.35s Find the Other
    t =     9.37s Find the Other
    t =     9.40s Find the Any (Element at index 32)
    t =     9.42s Find the "list.bullet" Image
    t =     9.45s Find the "list.bullet" Image
    t =     9.47s Find the "list.bullet" Image
    t =     9.49s Find the "list.bullet" Image
    t =     9.52s Find the "list.bullet" Image
    t =     9.54s Find the Any (Element at index 33)
    t =     9.56s Find the "info.circle.fill" Image
    t =     9.59s Find the "info.circle.fill" Image
    t =     9.61s Find the "info.circle.fill" Image
    t =     9.63s Find the "info.circle.fill" Image
    t =     9.66s Find the "info.circle.fill" Image
    t =     9.68s Find the Any (Element at index 34)
    t =     9.71s Find the Other at {{130.0, 877.0}, {94.0, 54.0}}
    t =     9.73s Find the Other
    t =     9.76s Find the Other
    t =     9.78s Find the Any (Element at index 35)
    t =     9.81s Find the Other at {{130.0, 877.0}, {94.0, 54.0}}
    t =     9.83s Find the Other
    t =     9.86s Find the Other
    t =     9.88s Find the Any (Element at index 36)
    t =     9.91s Find the Other at {{0.0, 873.0}, {440.0, 83.0}}
    t =     9.93s Find the Other
    t =     9.96s Find the Other
    t =     9.98s Find the Any (Element at index 37)
    t =    10.01s Find the "Native Controls" StaticText
    t =    10.04s Find the "Native Controls" StaticText
    t =    10.06s Find the "Native Controls" StaticText
    t =    10.09s Find the "Native Controls" StaticText
    t =    10.11s Find the Any (Element at index 38)
    t =    10.14s Find the Other at {{0.0, 0.0}, {440.0, 956.0}}
    t =    10.16s Find the Other
    t =    10.19s Find the Other
    t =    10.21s Find the Any (Element at index 39)
    t =    10.24s Find the Other at {{0.0, 0.0}, {440.0, 956.0}}
    t =    10.26s Find the Other
    t =    10.29s Find the Other
    t =    10.31s Find the Any (Element at index 40)
    t =    10.34s Find the Other at {{130.0, 877.0}, {94.0, 54.0}}
    t =    10.36s Find the Other
    t =    10.39s Find the Other
    t =    10.41s Find the Any (Element at index 41)
    t =    10.44s Find the Other at {{130.0, 877.0}, {94.0, 54.0}}
    t =    10.47s Find the Other
    t =    10.49s Find the Other
    t =    10.52s Find the Any (Element at index 42)
    t =    10.54s Find the Other at {{0.0, 0.0}, {440.0, 956.0}}
    t =    10.57s Find the Other
    t =    10.60s Find the Other
    t =    10.62s Find the Any (Element at index 43)
    t =    10.65s Find the Other at {{130.0, 877.0}, {94.0, 54.0}}
    t =    10.67s Find the Other
    t =    10.70s Find the Other
    t =    10.72s Find the Any (Element at index 44)
    t =    10.75s Find the Other at {{130.0, 877.0}, {94.0, 54.0}}
    t =    10.78s Find the Other
    t =    10.80s Find the Other
    t =    10.83s Find the Any (Element at index 45)
    t =    10.85s Find the Other at {{0.0, 0.0}, {440.0, 956.0}}
    t =    10.88s Find the Other
    t =    10.91s Find the Other
    t =    10.93s Find the Any (Element at index 46)
    t =    10.96s Find the Other at {{130.0, 877.0}, {94.0, 54.0}}
    t =    10.99s Find the Other
    t =    11.02s Find the Other
    t =    11.04s Find the Any (Element at index 47)
    t =    11.07s Find the "prototype.screen" CollectionView
    t =    11.10s Find the "prototype.screen" CollectionView
    t =    11.12s Find the "prototype.screen" CollectionView
    t =    11.15s Find the "prototype.screen" CollectionView
    t =    11.17s Find the Any (Element at index 48)
    t =    11.20s Find the Other at {{-20.0, -1723.0}, {480.0, 2230.3}}
    t =    11.22s Find the Other
    t =    11.25s Find the Other
    t =    11.28s Find the Any (Element at index 49)
    t =    11.30s Find the Other at {{0.0, 0.0}, {440.0, 956.0}}
    t =    11.33s Find the Other
    t =    11.36s Find the Other
    t =    11.38s Find the Any (Element at index 50)
    t =    11.41s Find the Other at {{0.0, 0.0}, {440.0, 956.0}}
    t =    11.43s Find the Other
    t =    11.46s Find the Other
    t =    11.48s Find the Any (Element at index 51)
    t =    11.51s Find the Cell at {{20.0, 189.0}, {400.0, 145.3}}
    t =    11.54s Find the Cell
    t =    11.57s Find the Cell
    t =    11.59s Find the Any (Element at index 52)
    t =    11.62s Find the Cell at {{20.0, 334.3}, {400.0, 155.3}}
    t =    11.65s Find the Cell
    t =    11.67s Find the Cell
    t =    11.69s Find the Any (Element at index 53)
    t =    11.72s Find the Other at {{-20.0, 507.3}, {480.0, 4456.0}}
    t =    11.75s Find the Other
    t =    11.78s Find the Other
    t =    11.80s Find the Any (Element at index 54)
    t =    11.83s Find the Cell at {{20.0, 507.3}, {400.0, 207.3}}
    t =    11.86s Find the Cell
    t =    11.88s Find the Cell
    t =    11.91s Find the Any (Element at index 55)
    t =    11.94s Find the Cell at {{20.0, 714.7}, {400.0, 195.7}}
    t =    11.96s Find the Cell
    t =    11.99s Find the Cell
    t =    12.02s Find the Any (Element at index 56)
    t =    12.05s Find the Cell at {{20.0, 910.3}, {400.0, 195.7}}
    t =    12.07s Find the Cell
    t =    12.10s Find the Cell
    t =    12.12s Find the Any (Element at index 57)
    t =    12.15s Find the Other at {{40.0, 909.3}, {360.0, 1.0}}
    t =    12.18s Find the Other
    t =    12.21s Find the Other
    t =    12.24s Find the Any (Element at index 58)
    t =    12.27s Find the "Vertical scroll bar, 5 pages" Other
    t =    12.30s Find the "Vertical scroll bar, 5 pages" Other
    t =    12.33s Find the "Vertical scroll bar, 5 pages" Other
    t =    12.35s Find the "Vertical scroll bar, 5 pages" Other
    t =    12.38s Find the Any (Element at index 59)
    t =    12.41s Find the Other at {{0.0, 873.0}, {440.0, 83.0}}
    t =    12.44s Find the Other
    t =    12.47s Find the Other
    t =    12.50s Find the Any (Element at index 60)
    t =    12.53s Find the Other at {{20.0, 189.0}, {400.0, 145.3}}
    t =    12.56s Find the Other
    t =    12.59s Find the Other
    t =    12.61s Find the Any (Element at index 61)
    t =    12.65s Find the Other at {{20.0, 189.0}, {400.0, 145.3}}
    t =    12.67s Find the Other
    t =    12.70s Find the Other
    t =    12.73s Find the Any (Element at index 62)
    t =    12.76s Find the Other at {{20.0, 334.3}, {400.0, 155.3}}
    t =    12.79s Find the Other
    t =    12.82s Find the Other
    t =    12.85s Find the Any (Element at index 63)
    t =    12.88s Find the Other at {{20.0, 334.3}, {400.0, 155.3}}
    t =    12.91s Find the Other
    t =    12.94s Find the Other
    t =    12.97s Find the Any (Element at index 64)
    t =    13.00s Find the Other at {{20.0, 507.3}, {400.0, 207.3}}
    t =    13.03s Find the Other
    t =    13.06s Find the Other
    t =    13.09s Find the Any (Element at index 65)
    t =    13.12s Find the Other at {{20.0, 507.3}, {400.0, 207.3}}
    t =    13.15s Find the Other
    t =    13.17s Find the Other
    t =    13.20s Find the Any (Element at index 66)
    t =    13.23s Find the Other at {{20.0, 714.7}, {400.0, 195.7}}
    t =    13.26s Find the Other
    t =    13.29s Find the Other
    t =    13.32s Find the Any (Element at index 67)
    t =    13.35s Find the Other at {{20.0, 714.7}, {400.0, 195.7}}
    t =    13.38s Find the Other
    t =    13.41s Find the Other
    t =    13.43s Find the Any (Element at index 68)
    t =    13.47s Find the Other at {{20.0, 910.3}, {400.0, 195.7}}
    t =    13.50s Find the Other
    t =    13.53s Find the Other
    t =    13.56s Find the Any (Element at index 69)
    t =    13.59s Find the Other at {{20.0, 910.3}, {400.0, 195.7}}
    t =    13.62s Find the Other
    t =    13.65s Find the Other
    t =    13.68s Find the Any (Element at index 70)
    t =    13.71s Find the Other at {{434.0, 863.0}, {3.0, 7.0}}
    t =    13.74s Find the Other
    t =    13.78s Find the Other
    t =    13.80s Find the Any (Element at index 71)
    t =    13.85s Find the Other at {{0.0, 873.0}, {440.0, 83.0}}
    t =    13.88s Find the Other
    t =    13.91s Find the Other
    t =    13.94s Find the Any (Element at index 72)
    t =    13.97s Find the Other at {{0.0, 873.0}, {440.0, 83.0}}
    t =    14.00s Find the Other
    t =    14.03s Find the Other
    t =    14.06s Find the Any (Element at index 73)
    t =    14.09s Find the Other at {{20.0, 189.0}, {400.0, 145.3}}
    t =    14.12s Find the Other
    t =    14.15s Find the Other
    t =    14.18s Find the Any (Element at index 74)
    t =    14.22s Find the Other at {{20.0, 334.3}, {400.0, 155.3}}
    t =    14.25s Find the Other
    t =    14.28s Find the Other
    t =    14.31s Find the Any (Element at index 75)
    t =    14.34s Find the Other at {{20.0, 334.3}, {400.0, 155.3}}
    t =    14.37s Find the Other
    t =    14.41s Find the Other
    t =    14.43s Find the Any (Element at index 76)
    t =    14.47s Find the Other at {{20.0, 507.3}, {400.0, 207.3}}
    t =    14.49s Find the Other
    t =    14.53s Find the Other
    t =    14.56s Find the Any (Element at index 77)
    t =    14.59s Find the Other at {{20.0, 714.7}, {400.0, 195.7}}
    t =    14.62s Find the Other
    t =    14.65s Find the Other
    t =    14.68s Find the Any (Element at index 78)
    t =    14.72s Find the Other at {{20.0, 714.7}, {400.0, 195.7}}
    t =    14.75s Find the Other
    t =    14.78s Find the Other
    t =    14.80s Find the Any (Element at index 79)
    t =    14.84s Find the Other at {{20.0, 910.3}, {400.0, 195.7}}
    t =    14.87s Find the Other
    t =    14.90s Find the Other
    t =    14.94s Find the Any (Element at index 80)
    t =    14.97s Find the Other at {{20.0, 910.3}, {400.0, 195.7}}
    t =    15.01s Find the Other
    t =    15.04s Find the Other
    t =    15.08s Find the Any (Element at index 81)
    t =    15.11s Find the Other at {{0.0, 873.0}, {440.0, 83.0}}
    t =    15.15s Find the Other
    t =    15.18s Find the Other
    t =    15.22s Find the Any (Element at index 82)
    t =    15.25s Find the Other at {{20.0, 189.0}, {400.0, 145.3}}
    t =    15.29s Find the Other
    t =    15.32s Find the Other
    t =    15.35s Find the Any (Element at index 83)
    t =    15.39s Find the Other at {{20.0, 334.3}, {400.0, 155.3}}
    t =    15.43s Find the Other
    t =    15.46s Find the Other
    t =    15.49s Find the Any (Element at index 84)
    t =    15.53s Find the Other at {{20.0, 507.3}, {400.0, 207.3}}
    t =    15.56s Find the Other
    t =    15.59s Find the Other
    t =    15.63s Find the Any (Element at index 85)
    t =    15.66s Find the Other at {{20.0, 714.7}, {400.0, 195.7}}
    t =    15.70s Find the Other
    t =    15.74s Find the Other
    t =    15.77s Find the Any (Element at index 86)
    t =    15.80s Find the Other at {{20.0, 910.3}, {400.0, 195.7}}
    t =    15.84s Find the Other
    t =    15.87s Find the Other
    t =    15.90s Find the Any (Element at index 87)
    t =    15.94s Find the "Preregistered state" StaticText
    t =    15.98s Find the "Preregistered state" StaticText
    t =    16.01s Find the "Preregistered state" StaticText
    t =    16.05s Find the "Preregistered state" StaticText
    t =    16.08s Find the Any (Element at index 88)
    t =    16.12s Find the "prototype.variant" StaticText
    t =    16.15s Find the "prototype.variant" StaticText
    t =    16.19s Find the "prototype.variant" StaticText
    t =    16.22s Find the "prototype.variant" StaticText
    t =    16.26s Find the "prototype.variant" StaticText
    t =    16.29s Find the Any (Element at index 89)
    t =    16.33s Find the "Native navigation links" StaticText
    t =    16.36s Find the "Native navigation links" StaticText
    t =    16.40s Find the "Native navigation links" StaticText
    t =    16.44s Find the "Native navigation links" StaticText
    t =    16.48s Find the Any (Element at index 90)
    t =    16.52s Find the "prototype.row.1" Button
    t =    16.56s Find the "prototype.row.1" Button
    t =    16.59s Find the "prototype.row.1" Button
    t =    16.62s Find the "prototype.row.1" Button
    t =    16.66s Find the "prototype.row.1" Button
    t =    16.69s Find the Any (Element at index 91)
    t =    16.73s Find the "prototype.row.2" Button
    t =    16.77s Find the "prototype.row.2" Button
    t =    16.81s Find the "prototype.row.2" Button
    t =    16.85s Find the "prototype.row.2" Button
    t =    16.88s Find the "prototype.row.2" Button
    t =    16.92s Find the Any (Element at index 92)
    t =    16.96s Find the "Native row 1" StaticText
    t =    16.99s Find the "Native row 1" StaticText
    t =    17.03s Find the "Native row 1" StaticText
    t =    17.06s Find the "Native row 1" StaticText
    t =    17.10s Find the Any (Element at index 93)
    t =    17.13s Find the "System secondary label" StaticText
    t =    17.17s Find the "System secondary label" StaticText
    t =    17.20s Find the "System secondary label" StaticText
    t =    17.24s Find the "System secondary label" StaticText
    t =    17.27s Find the Any (Element at index 94)
    t =    17.31s Find the "chevron.forward" Image
    t =    17.34s Find the "chevron.forward" Image
    t =    17.38s Find the "chevron.forward" Image
    t =    17.42s Find the "chevron.forward" Image
    t =    17.45s Find the Any (Element at index 95)
    t =    17.49s Find the "Native row 2" StaticText
    t =    17.52s Find the "Native row 2" StaticText
    t =    17.55s Find the "Native row 2" StaticText
    t =    17.59s Find the "Native row 2" StaticText
    t =    17.62s Find the Any (Element at index 96)
    t =    17.66s Find the "System secondary label" StaticText
    t =    17.69s Find the "System secondary label" StaticText
    t =    17.72s Find the "System secondary label" StaticText
    t =    17.76s Find the "System secondary label" StaticText
    t =    17.79s Find the Any (Element at index 97)
    t =    17.82s Find the "chevron.forward" Image
    t =    17.86s Find the "chevron.forward" Image
    t =    17.89s Find the "chevron.forward" Image
    t =    17.93s Find the "chevron.forward" Image
    t =    17.96s Added attachment named '03-hard-edge-light-AX5-accessibility-element-inventory'
    t =    18.34s Find the Any (Descendant with identity binding to AX element pid: 41003, elementOrHash.elementID: 4450602496.97)
    t =    18.36s Checking existence of `"System secondary label" StaticText`
    t =    18.37s Find the "System secondary label" StaticText
/Users/devin/dev/repos/github@zenbujapanese/zenbujapanese-monorepo-prototype-293/prototypes/issue-293-liquid-glass-audit-controls/UITests/PrototypeIssue293UITests.swift:23: error: -[PrototypeIssue293UITests.PrototypeIssue293UITests test03HardEdgeLightAX5] : Contrast failed
    t =    18.41s Find the Any (Descendant with identity binding to AX element pid: 41003, elementOrHash.elementID: 4450604288.99)
    t =    18.43s Checking existence of `"Native row 2" StaticText`
    t =    18.45s Find the "Native row 2" StaticText
/Users/devin/dev/repos/github@zenbujapanese/zenbujapanese-monorepo-prototype-293/prototypes/issue-293-liquid-glass-audit-controls/UITests/PrototypeIssue293UITests.swift:23: error: -[PrototypeIssue293UITests.PrototypeIssue293UITests test03HardEdgeLightAX5] : Contrast failed
    t =    18.49s Tear Down
Test Case '-[PrototypeIssue293UITests.PrototypeIssue293UITests test03HardEdgeLightAX5]' failed (18.756 seconds).
Test Case '-[PrototypeIssue293UITests.PrototypeIssue293UITests test04HardEdgeDarkAX5]' started.
    t =     0.00s Start Test at 2026-09-05 07:50:45.915
    t =     0.03s Set Up
    t =     0.03s Setting appearance mode to Dark
    t =     2.04s     Wait for dev.zenbujapanese.prototype.issue293 to idle
    t =     2.05s Open dev.zenbujapanese.prototype.issue293
    t =     2.05s     Launch dev.zenbujapanese.prototype.issue293
    t =     2.05s         Terminate dev.zenbujapanese.prototype.issue293:41003
2026-09-05 07:50:48.989 xcodebuild[40781:5834189] [MT] IDELaunchParametersSnapshot: The operation couldn’t be completed. (DebuggerLLDB.DebuggerVersionStore.StoreError error 0.)
2026-09-05 07:50:48.989 xcodebuild[40781:5834189] [MT] IDELaunchParametersSnapshot: no debugger version
    t =     3.28s         Setting up automation session
    t =     3.99s         Wait for dev.zenbujapanese.prototype.issue293 to idle
    t =     5.34s Waiting 5.0s for "prototype.screen" CollectionView to exist
    t =     6.34s     Checking `Expect predicate `existsNoRetry == 1` for object "prototype.screen" CollectionView`
    t =     6.34s         Checking existence of `"prototype.screen" CollectionView`
    t =     6.52s Added attachment named '04-hard-edge-dark-AX5'
    t =     6.53s Added attachment named '04-hard-edge-dark-AX5-public-accessibility-settings'
    t =     6.53s Get all elements bound by index for: Descendants matching type Any
    t =     6.57s Find the Any (Element at index 0)
    t =     6.60s Find the Window at {{0.0, 0.0}, {440.0, 956.0}}
    t =     6.62s Find the Window
    t =     6.64s Find the Window
    t =     6.66s Find the Any (Element at index 1)
    t =     6.69s Find the Other at {{0.0, 0.0}, {440.0, 956.0}}
    t =     6.71s Find the Other
    t =     6.73s Find the Other
    t =     6.75s Find the Any (Element at index 2)
    t =     6.78s Find the Other at {{0.0, 0.0}, {440.0, 956.0}}
    t =     6.80s Find the Other
    t =     6.82s Find the Other
    t =     6.84s Find the Any (Element at index 3)
    t =     6.87s Find the Other at {{0.0, 0.0}, {440.0, 956.0}}
    t =     6.89s Find the Other
    t =     6.91s Find the Other
    t =     6.93s Find the Any (Element at index 4)
    t =     6.96s Find the Other at {{0.0, 0.0}, {440.0, 956.0}}
    t =     6.98s Find the Other
    t =     7.00s Find the Other
    t =     7.02s Find the Any (Element at index 5)
    t =     7.04s Find the Other at {{0.0, 0.0}, {440.0, 956.0}}
    t =     7.06s Find the Other
    t =     7.08s Find the Other
    t =     7.10s Find the Any (Element at index 6)
    t =     7.12s Find the Other at {{0.0, 0.0}, {440.0, 956.0}}
    t =     7.14s Find the Other
    t =     7.16s Find the Other
    t =     7.18s Find the Any (Element at index 7)
    t =     7.21s Find the Other at {{0.0, 873.0}, {440.0, 83.0}}
    t =     7.23s Find the Other
    t =     7.25s Find the Other
    t =     7.27s Find the Any (Element at index 8)
    t =     7.29s Find the Other at {{0.0, 0.0}, {440.0, 956.0}}
    t =     7.31s Find the Other
    t =     7.33s Find the Other
    t =     7.35s Find the Any (Element at index 9)
    t =     7.38s Find the Other at {{0.0, 0.0}, {440.0, 956.0}}
    t =     7.40s Find the Other
    t =     7.42s Find the Other
    t =     7.44s Find the Any (Element at index 10)
    t =     7.47s Find the Other at {{0.0, 873.0}, {440.0, 83.0}}
    t =     7.49s Find the Other
    t =     7.51s Find the Other
    t =     7.53s Find the Any (Element at index 11)
    t =     7.55s Find the Other at {{0.0, 0.0}, {440.0, 956.0}}
    t =     7.57s Find the Other
    t =     7.60s Find the Other
    t =     7.61s Find the Any (Element at index 12)
    t =     7.64s Find the "Tab Bar" TabBar
    t =     7.66s Find the "Tab Bar" TabBar
    t =     7.68s Find the "Tab Bar" TabBar
    t =     7.70s Find the "Tab Bar" TabBar
    t =     7.72s Find the Any (Element at index 13)
    t =     7.75s Find the Other at {{0.0, 873.0}, {440.0, 83.0}}
    t =     7.77s Find the Other
    t =     7.79s Find the Other
    t =     7.81s Find the Any (Element at index 14)
    t =     7.84s Find the Other at {{0.0, 0.0}, {440.0, 956.0}}
    t =     7.86s Find the Other
    t =     7.88s Find the Other
    t =     7.90s Find the Any (Element at index 15)
    t =     7.92s Find the Other at {{126.0, 873.0}, {188.0, 62.0}}
    t =     7.95s Find the Other
    t =     7.97s Find the Other
    t =     7.99s Find the Any (Element at index 16)
    t =     8.01s Find the Other at {{0.0, 873.0}, {440.0, 83.0}}
    t =     8.04s Find the Other
    t =     8.06s Find the Other
    t =     8.08s Find the Any (Element at index 17)
    t =     8.11s Find the Other at {{0.0, 0.0}, {440.0, 956.0}}
    t =     8.13s Find the Other
    t =     8.15s Find the Other
    t =     8.17s Find the Any (Element at index 18)
    t =     8.20s Find the Other at {{126.0, 873.0}, {94.0, 54.0}}
    t =     8.22s Find the Other
    t =     8.25s Find the Other
    t =     8.27s Find the Any (Element at index 19)
    t =     8.29s Find the Other at {{126.0, 873.0}, {188.0, 62.0}}
    t =     8.31s Find the Other
    t =     8.33s Find the Other
    t =     8.35s Find the Any (Element at index 20)
    t =     8.38s Find the Other at {{130.0, 877.0}, {94.0, 54.0}}
    t =     8.40s Find the Other
    t =     8.43s Find the Other
    t =     8.45s Find the Any (Element at index 21)
    t =     8.48s Find the Other at {{0.0, 873.0}, {440.0, 83.0}}
    t =     8.50s Find the Other
    t =     8.53s Find the Other
    t =     8.55s Find the Any (Element at index 22)
    t =     8.58s Find the Other at {{0.0, 873.0}, {440.0, 83.0}}
    t =     8.60s Find the Other
    t =     8.63s Find the Other
    t =     8.65s Find the Any (Element at index 23)
    t =     8.68s Find the Other at {{0.0, 0.0}, {440.0, 956.0}}
    t =     8.70s Find the Other
    t =     8.72s Find the Other
    t =     8.75s Find the Any (Element at index 24)
    t =     8.77s Find the "Controls" Button
    t =     8.80s Find the "Controls" Button
    t =     8.82s Find the "Controls" Button
    t =     8.84s Find the "Controls" Button
    t =     8.87s Find the Any (Element at index 25)
    t =     8.89s Find the "About" Button
    t =     8.91s Find the "About" Button
    t =     8.94s Find the "About" Button
    t =     8.96s Find the "About" Button
    t =     8.98s Find the Any (Element at index 26)
    t =     9.01s Find the Other at {{130.0, 877.0}, {94.0, 54.0}}
    t =     9.03s Find the Other
    t =     9.05s Find the Other
    t =     9.07s Find the Any (Element at index 27)
    t =     9.10s Find the Other at {{0.0, 873.0}, {440.0, 83.0}}
    t =     9.12s Find the Other
    t =     9.14s Find the Other
    t =     9.16s Find the Any (Element at index 28)
    t =     9.18s Find the Other at {{0.0, 873.0}, {440.0, 83.0}}
    t =     9.20s Find the Other
    t =     9.22s Find the Other
    t =     9.24s Find the Any (Element at index 29)
    t =     9.27s Find the "Native Controls" NavigationBar
    t =     9.29s Find the "Native Controls" NavigationBar
    t =     9.32s Find the "Native Controls" NavigationBar
    t =     9.34s Find the "Native Controls" NavigationBar
    t =     9.37s Find the Any (Element at index 30)
    t =     9.40s Find the Other at {{0.0, 0.0}, {440.0, 956.0}}
    t =     9.42s Find the Other
    t =     9.45s Find the Other
    t =     9.47s Find the Any (Element at index 31)
    t =     9.50s Find the Other at {{0.0, 0.0}, {440.0, 956.0}}
    t =     9.53s Find the Other
    t =     9.55s Find the Other
    t =     9.58s Find the Any (Element at index 32)
    t =     9.61s Find the "list.bullet" Image
    t =     9.63s Find the "list.bullet" Image
    t =     9.66s Find the "list.bullet" Image
    t =     9.68s Find the "list.bullet" Image
    t =     9.71s Find the "list.bullet" Image
    t =     9.73s Find the Any (Element at index 33)
    t =     9.75s Find the "info.circle.fill" Image
    t =     9.78s Find the "info.circle.fill" Image
    t =     9.81s Find the "info.circle.fill" Image
    t =     9.83s Find the "info.circle.fill" Image
    t =     9.86s Find the "info.circle.fill" Image
    t =     9.88s Find the Any (Element at index 34)
    t =     9.91s Find the Other at {{130.0, 877.0}, {94.0, 54.0}}
    t =     9.94s Find the Other
    t =     9.96s Find the Other
    t =     9.99s Find the Any (Element at index 35)
    t =    10.01s Find the Other at {{130.0, 877.0}, {94.0, 54.0}}
    t =    10.04s Find the Other
    t =    10.06s Find the Other
    t =    10.09s Find the Any (Element at index 36)
    t =    10.11s Find the Other at {{0.0, 873.0}, {440.0, 83.0}}
    t =    10.14s Find the Other
    t =    10.16s Find the Other
    t =    10.19s Find the Any (Element at index 37)
    t =    10.21s Find the "Native Controls" StaticText
    t =    10.24s Find the "Native Controls" StaticText
    t =    10.26s Find the "Native Controls" StaticText
    t =    10.29s Find the "Native Controls" StaticText
    t =    10.32s Find the Any (Element at index 38)
    t =    10.35s Find the Other at {{0.0, 0.0}, {440.0, 956.0}}
    t =    10.37s Find the Other
    t =    10.40s Find the Other
    t =    10.42s Find the Any (Element at index 39)
    t =    10.45s Find the Other at {{0.0, 0.0}, {440.0, 956.0}}
    t =    10.48s Find the Other
    t =    10.51s Find the Other
    t =    10.53s Find the Any (Element at index 40)
    t =    10.56s Find the Other at {{130.0, 877.0}, {94.0, 54.0}}
    t =    10.58s Find the Other
    t =    10.61s Find the Other
    t =    10.63s Find the Any (Element at index 41)
    t =    10.66s Find the Other at {{130.0, 877.0}, {94.0, 54.0}}
    t =    10.68s Find the Other
    t =    10.71s Find the Other
    t =    10.73s Find the Any (Element at index 42)
    t =    10.76s Find the Other at {{0.0, 0.0}, {440.0, 956.0}}
    t =    10.78s Find the Other
    t =    10.81s Find the Other
    t =    10.83s Find the Any (Element at index 43)
    t =    10.86s Find the Other at {{130.0, 877.0}, {94.0, 54.0}}
    t =    10.88s Find the Other
    t =    10.91s Find the Other
    t =    10.93s Find the Any (Element at index 44)
    t =    10.96s Find the Other at {{130.0, 877.0}, {94.0, 54.0}}
    t =    10.98s Find the Other
    t =    11.01s Find the Other
    t =    11.03s Find the Any (Element at index 45)
    t =    11.06s Find the Other at {{0.0, 0.0}, {440.0, 956.0}}
    t =    11.09s Find the Other
    t =    11.12s Find the Other
    t =    11.14s Find the Any (Element at index 46)
    t =    11.17s Find the Other at {{130.0, 877.0}, {94.0, 54.0}}
    t =    11.20s Find the Other
    t =    11.23s Find the Other
    t =    11.26s Find the Any (Element at index 47)
    t =    11.29s Find the "prototype.screen" CollectionView
    t =    11.32s Find the "prototype.screen" CollectionView
    t =    11.35s Find the "prototype.screen" CollectionView
    t =    11.37s Find the "prototype.screen" CollectionView
    t =    11.40s Find the Any (Element at index 48)
    t =    11.43s Find the Other at {{-20.0, -1723.0}, {480.0, 2230.3}}
    t =    11.46s Find the Other
    t =    11.48s Find the Other
    t =    11.51s Find the Any (Element at index 49)
    t =    11.54s Find the Other at {{0.0, 0.0}, {440.0, 956.0}}
    t =    11.57s Find the Other
    t =    11.59s Find the Other
    t =    11.62s Find the Any (Element at index 50)
    t =    11.64s Find the Other at {{0.0, 0.0}, {440.0, 956.0}}
    t =    11.67s Find the Other
    t =    11.70s Find the Other
    t =    11.72s Find the Any (Element at index 51)
    t =    11.75s Find the Cell at {{20.0, 189.0}, {400.0, 145.3}}
    t =    11.78s Find the Cell
    t =    11.81s Find the Cell
    t =    11.84s Find the Any (Element at index 52)
    t =    11.87s Find the Cell at {{20.0, 334.3}, {400.0, 155.3}}
    t =    11.89s Find the Cell
    t =    11.92s Find the Cell
    t =    11.94s Find the Any (Element at index 53)
    t =    11.97s Find the Other at {{-20.0, 507.3}, {480.0, 4456.0}}
    t =    12.00s Find the Other
    t =    12.03s Find the Other
    t =    12.06s Find the Any (Element at index 54)
    t =    12.09s Find the Cell at {{20.0, 507.3}, {400.0, 207.3}}
    t =    12.12s Find the Cell
    t =    12.15s Find the Cell
    t =    12.18s Find the Any (Element at index 55)
    t =    12.21s Find the Cell at {{20.0, 714.7}, {400.0, 195.7}}
    t =    12.24s Find the Cell
    t =    12.27s Find the Cell
    t =    12.30s Find the Any (Element at index 56)
    t =    12.33s Find the Cell at {{20.0, 910.3}, {400.0, 195.7}}
    t =    12.36s Find the Cell
    t =    12.38s Find the Cell
    t =    12.41s Find the Any (Element at index 57)
    t =    12.44s Find the Other at {{40.0, 909.3}, {360.0, 1.0}}
    t =    12.47s Find the Other
    t =    12.50s Find the Other
    t =    12.52s Find the Any (Element at index 58)
    t =    12.56s Find the "Vertical scroll bar, 5 pages" Other
    t =    12.59s Find the "Vertical scroll bar, 5 pages" Other
    t =    12.62s Find the "Vertical scroll bar, 5 pages" Other
    t =    12.65s Find the "Vertical scroll bar, 5 pages" Other
    t =    12.68s Find the Any (Element at index 59)
    t =    12.71s Find the Other at {{0.0, 873.0}, {440.0, 83.0}}
    t =    12.74s Find the Other
    t =    12.77s Find the Other
    t =    12.80s Find the Any (Element at index 60)
    t =    12.84s Find the Other at {{20.0, 189.0}, {400.0, 145.3}}
    t =    12.87s Find the Other
    t =    12.90s Find the Other
    t =    12.93s Find the Any (Element at index 61)
    t =    12.96s Find the Other at {{20.0, 189.0}, {400.0, 145.3}}
    t =    12.99s Find the Other
    t =    13.02s Find the Other
    t =    13.05s Find the Any (Element at index 62)
    t =    13.08s Find the Other at {{20.0, 334.3}, {400.0, 155.3}}
    t =    13.11s Find the Other
    t =    13.14s Find the Other
    t =    13.17s Find the Any (Element at index 63)
    t =    13.20s Find the Other at {{20.0, 334.3}, {400.0, 155.3}}
    t =    13.23s Find the Other
    t =    13.26s Find the Other
    t =    13.29s Find the Any (Element at index 64)
    t =    13.33s Find the Other at {{20.0, 507.3}, {400.0, 207.3}}
    t =    13.36s Find the Other
    t =    13.39s Find the Other
    t =    13.42s Find the Any (Element at index 65)
    t =    13.45s Find the Other at {{20.0, 507.3}, {400.0, 207.3}}
    t =    13.48s Find the Other
    t =    13.51s Find the Other
    t =    13.54s Find the Any (Element at index 66)
    t =    13.58s Find the Other at {{20.0, 714.7}, {400.0, 195.7}}
    t =    13.61s Find the Other
    t =    13.64s Find the Other
    t =    13.67s Find the Any (Element at index 67)
    t =    13.70s Find the Other at {{20.0, 714.7}, {400.0, 195.7}}
    t =    13.73s Find the Other
    t =    13.76s Find the Other
    t =    13.79s Find the Any (Element at index 68)
    t =    13.83s Find the Other at {{20.0, 910.3}, {400.0, 195.7}}
    t =    13.86s Find the Other
    t =    13.89s Find the Other
    t =    13.92s Find the Any (Element at index 69)
    t =    13.95s Find the Other at {{20.0, 910.3}, {400.0, 195.7}}
    t =    13.99s Find the Other
    t =    14.02s Find the Other
    t =    14.05s Find the Any (Element at index 70)
    t =    14.08s Find the Other at {{434.0, 863.0}, {3.0, 7.0}}
    t =    14.12s Find the Other
    t =    14.15s Find the Other
    t =    14.18s Find the Any (Element at index 71)
    t =    14.21s Find the Other at {{0.0, 873.0}, {440.0, 83.0}}
    t =    14.24s Find the Other
    t =    14.27s Find the Other
    t =    14.30s Find the Any (Element at index 72)
    t =    14.34s Find the Other at {{0.0, 873.0}, {440.0, 83.0}}
    t =    14.37s Find the Other
    t =    14.40s Find the Other
    t =    14.43s Find the Any (Element at index 73)
    t =    14.46s Find the Other at {{20.0, 189.0}, {400.0, 145.3}}
    t =    14.50s Find the Other
    t =    14.53s Find the Other
    t =    14.55s Find the Any (Element at index 74)
    t =    14.59s Find the Other at {{20.0, 334.3}, {400.0, 155.3}}
    t =    14.62s Find the Other
    t =    14.65s Find the Other
    t =    14.68s Find the Any (Element at index 75)
    t =    14.71s Find the Other at {{20.0, 334.3}, {400.0, 155.3}}
    t =    14.74s Find the Other
    t =    14.77s Find the Other
    t =    14.80s Find the Any (Element at index 76)
    t =    14.83s Find the Other at {{20.0, 507.3}, {400.0, 207.3}}
    t =    14.86s Find the Other
    t =    14.89s Find the Other
    t =    14.92s Find the Any (Element at index 77)
    t =    14.95s Find the Other at {{20.0, 714.7}, {400.0, 195.7}}
    t =    14.98s Find the Other
    t =    15.01s Find the Other
    t =    15.04s Find the Any (Element at index 78)
    t =    15.08s Find the Other at {{20.0, 714.7}, {400.0, 195.7}}
    t =    15.11s Find the Other
    t =    15.14s Find the Other
    t =    15.17s Find the Any (Element at index 79)
    t =    15.20s Find the Other at {{20.0, 910.3}, {400.0, 195.7}}
    t =    15.23s Find the Other
    t =    15.26s Find the Other
    t =    15.28s Find the Any (Element at index 80)
    t =    15.32s Find the Other at {{20.0, 910.3}, {400.0, 195.7}}
    t =    15.34s Find the Other
    t =    15.37s Find the Other
    t =    15.40s Find the Any (Element at index 81)
    t =    15.43s Find the Other at {{0.0, 873.0}, {440.0, 83.0}}
    t =    15.46s Find the Other
    t =    15.49s Find the Other
    t =    15.52s Find the Any (Element at index 82)
    t =    15.55s Find the Other at {{20.0, 189.0}, {400.0, 145.3}}
    t =    15.59s Find the Other
    t =    15.62s Find the Other
    t =    15.65s Find the Any (Element at index 83)
    t =    15.69s Find the Other at {{20.0, 334.3}, {400.0, 155.3}}
    t =    15.72s Find the Other
    t =    15.75s Find the Other
    t =    15.78s Find the Any (Element at index 84)
    t =    15.82s Find the Other at {{20.0, 507.3}, {400.0, 207.3}}
    t =    15.85s Find the Other
    t =    15.88s Find the Other
    t =    15.90s Find the Any (Element at index 85)
    t =    15.94s Find the Other at {{20.0, 714.7}, {400.0, 195.7}}
    t =    15.97s Find the Other
    t =    16.01s Find the Other
    t =    16.04s Find the Any (Element at index 86)
    t =    16.07s Find the Other at {{20.0, 910.3}, {400.0, 195.7}}
    t =    16.11s Find the Other
    t =    16.14s Find the Other
    t =    16.17s Find the Any (Element at index 87)
    t =    16.21s Find the "Preregistered state" StaticText
    t =    16.24s Find the "Preregistered state" StaticText
    t =    16.28s Find the "Preregistered state" StaticText
    t =    16.31s Find the "Preregistered state" StaticText
    t =    16.35s Find the Any (Element at index 88)
    t =    16.39s Find the "prototype.variant" StaticText
    t =    16.42s Find the "prototype.variant" StaticText
    t =    16.46s Find the "prototype.variant" StaticText
    t =    16.49s Find the "prototype.variant" StaticText
    t =    16.53s Find the "prototype.variant" StaticText
    t =    16.56s Find the Any (Element at index 89)
    t =    16.60s Find the "Native navigation links" StaticText
    t =    16.63s Find the "Native navigation links" StaticText
    t =    16.67s Find the "Native navigation links" StaticText
    t =    16.70s Find the "Native navigation links" StaticText
    t =    16.73s Find the Any (Element at index 90)
    t =    16.77s Find the "prototype.row.1" Button
    t =    16.80s Find the "prototype.row.1" Button
    t =    16.84s Find the "prototype.row.1" Button
    t =    16.87s Find the "prototype.row.1" Button
    t =    16.91s Find the "prototype.row.1" Button
    t =    16.94s Find the Any (Element at index 91)
    t =    16.98s Find the "prototype.row.2" Button
    t =    17.01s Find the "prototype.row.2" Button
    t =    17.05s Find the "prototype.row.2" Button
    t =    17.08s Find the "prototype.row.2" Button
    t =    17.12s Find the "prototype.row.2" Button
    t =    17.16s Find the Any (Element at index 92)
    t =    17.20s Find the "Native row 1" StaticText
    t =    17.24s Find the "Native row 1" StaticText
    t =    17.28s Find the "Native row 1" StaticText
    t =    17.31s Find the "Native row 1" StaticText
    t =    17.35s Find the Any (Element at index 93)
    t =    17.39s Find the "System secondary label" StaticText
    t =    17.42s Find the "System secondary label" StaticText
    t =    17.46s Find the "System secondary label" StaticText
    t =    17.50s Find the "System secondary label" StaticText
    t =    17.53s Find the Any (Element at index 94)
    t =    17.57s Find the "chevron.forward" Image
    t =    17.60s Find the "chevron.forward" Image
    t =    17.64s Find the "chevron.forward" Image
    t =    17.67s Find the "chevron.forward" Image
    t =    17.70s Find the Any (Element at index 95)
    t =    17.74s Find the "Native row 2" StaticText
    t =    17.77s Find the "Native row 2" StaticText
    t =    17.81s Find the "Native row 2" StaticText
    t =    17.85s Find the "Native row 2" StaticText
    t =    17.88s Find the Any (Element at index 96)
    t =    17.92s Find the "System secondary label" StaticText
    t =    17.95s Find the "System secondary label" StaticText
    t =    17.99s Find the "System secondary label" StaticText
    t =    18.02s Find the "System secondary label" StaticText
    t =    18.06s Find the Any (Element at index 97)
    t =    18.09s Find the "chevron.forward" Image
    t =    18.13s Find the "chevron.forward" Image
    t =    18.17s Find the "chevron.forward" Image
    t =    18.21s Find the "chevron.forward" Image
    t =    18.25s Added attachment named '04-hard-edge-dark-AX5-accessibility-element-inventory'
    t =    18.65s Find the Any (Descendant with identity binding to AX element pid: 41266, elementOrHash.elementID: 4454786688.97)
    t =    18.67s Checking existence of `"System secondary label" StaticText`
    t =    18.69s Find the "System secondary label" StaticText
/Users/devin/dev/repos/github@zenbujapanese/zenbujapanese-monorepo-prototype-293/prototypes/issue-293-liquid-glass-audit-controls/UITests/PrototypeIssue293UITests.swift:30: error: -[PrototypeIssue293UITests.PrototypeIssue293UITests test04HardEdgeDarkAX5] : Contrast failed
    t =    18.73s Find the Any (Descendant with identity binding to AX element pid: 41266, elementOrHash.elementID: 4454788928.99)
    t =    18.76s Checking existence of `"Native row 2" StaticText`
    t =    18.78s Find the "Native row 2" StaticText
/Users/devin/dev/repos/github@zenbujapanese/zenbujapanese-monorepo-prototype-293/prototypes/issue-293-liquid-glass-audit-controls/UITests/PrototypeIssue293UITests.swift:30: error: -[PrototypeIssue293UITests.PrototypeIssue293UITests test04HardEdgeDarkAX5] : Contrast failed
    t =    18.83s Tear Down
Test Case '-[PrototypeIssue293UITests.PrototypeIssue293UITests test04HardEdgeDarkAX5]' failed (19.084 seconds).
Test Case '-[PrototypeIssue293UITests.PrototypeIssue293UITests test05DeliberateLowContrastLightAX5]' started.
    t =     0.00s Start Test at 2026-09-05 07:51:05.000
    t =     0.02s Set Up
    t =     0.02s Setting appearance mode to Light
    t =     2.03s     Wait for dev.zenbujapanese.prototype.issue293 to idle
    t =     2.04s Open dev.zenbujapanese.prototype.issue293
    t =     2.04s     Launch dev.zenbujapanese.prototype.issue293
    t =     2.04s         Terminate dev.zenbujapanese.prototype.issue293:41266
2026-09-05 07:51:08.066 xcodebuild[40781:5834189] [MT] IDELaunchParametersSnapshot: The operation couldn’t be completed. (DebuggerLLDB.DebuggerVersionStore.StoreError error 0.)
2026-09-05 07:51:08.066 xcodebuild[40781:5834189] [MT] IDELaunchParametersSnapshot: no debugger version
    t =     3.27s         Setting up automation session
    t =     3.98s         Wait for dev.zenbujapanese.prototype.issue293 to idle
    t =     5.28s Waiting 5.0s for "prototype.screen" CollectionView to exist
    t =     6.28s     Checking `Expect predicate `existsNoRetry == 1` for object "prototype.screen" CollectionView`
    t =     6.28s         Checking existence of `"prototype.screen" CollectionView`
    t =     6.46s Added attachment named '05-deliberate-low-contrast-light-AX5'
    t =     6.46s Added attachment named '05-deliberate-low-contrast-light-AX5-public-accessibility-settings'
    t =     6.46s Get all elements bound by index for: Descendants matching type Any
    t =     6.50s Find the Any (Element at index 0)
    t =     6.52s Find the Window at {{0.0, 0.0}, {440.0, 956.0}}
    t =     6.54s Find the Window
    t =     6.55s Find the Window
    t =     6.57s Find the Any (Element at index 1)
    t =     6.59s Find the Other at {{0.0, 0.0}, {440.0, 956.0}}
    t =     6.61s Find the Other
    t =     6.63s Find the Other
    t =     6.64s Find the Any (Element at index 2)
    t =     6.66s Find the Other at {{0.0, 0.0}, {440.0, 956.0}}
    t =     6.68s Find the Other
    t =     6.70s Find the Other
    t =     6.71s Find the Any (Element at index 3)
    t =     6.73s Find the Other at {{0.0, 0.0}, {440.0, 956.0}}
    t =     6.75s Find the Other
    t =     6.77s Find the Other
    t =     6.79s Find the Any (Element at index 4)
    t =     6.81s Find the Other at {{0.0, 0.0}, {440.0, 956.0}}
    t =     6.83s Find the Other
    t =     6.84s Find the Other
    t =     6.86s Find the Any (Element at index 5)
    t =     6.88s Find the Other at {{0.0, 0.0}, {440.0, 956.0}}
    t =     6.90s Find the Other
    t =     6.92s Find the Other
    t =     6.93s Find the Any (Element at index 6)
    t =     6.95s Find the Other at {{0.0, 0.0}, {440.0, 956.0}}
    t =     6.97s Find the Other
    t =     6.99s Find the Other
    t =     7.00s Find the Any (Element at index 7)
    t =     7.03s Find the Other at {{0.0, 873.0}, {440.0, 83.0}}
    t =     7.04s Find the Other
    t =     7.06s Find the Other
    t =     7.08s Find the Any (Element at index 8)
    t =     7.10s Find the Other at {{0.0, 0.0}, {440.0, 956.0}}
    t =     7.12s Find the Other
    t =     7.14s Find the Other
    t =     7.15s Find the Any (Element at index 9)
    t =     7.17s Find the Other at {{0.0, 0.0}, {440.0, 956.0}}
    t =     7.19s Find the Other
    t =     7.21s Find the Other
    t =     7.23s Find the Any (Element at index 10)
    t =     7.25s Find the Other at {{0.0, 873.0}, {440.0, 83.0}}
    t =     7.27s Find the Other
    t =     7.29s Find the Other
    t =     7.31s Find the Any (Element at index 11)
    t =     7.33s Find the Other at {{0.0, 0.0}, {440.0, 956.0}}
    t =     7.35s Find the Other
    t =     7.37s Find the Other
    t =     7.39s Find the Any (Element at index 12)
    t =     7.41s Find the "Tab Bar" TabBar
    t =     7.43s Find the "Tab Bar" TabBar
    t =     7.45s Find the "Tab Bar" TabBar
    t =     7.47s Find the "Tab Bar" TabBar
    t =     7.48s Find the Any (Element at index 13)
    t =     7.51s Find the Other at {{0.0, 873.0}, {440.0, 83.0}}
    t =     7.53s Find the Other
    t =     7.55s Find the Other
    t =     7.56s Find the Any (Element at index 14)
    t =     7.58s Find the Other at {{0.0, 0.0}, {440.0, 956.0}}
    t =     7.60s Find the Other
    t =     7.62s Find the Other
    t =     7.64s Find the Any (Element at index 15)
    t =     7.66s Find the Other at {{126.0, 873.0}, {188.0, 62.0}}
    t =     7.68s Find the Other
    t =     7.70s Find the Other
    t =     7.72s Find the Any (Element at index 16)
    t =     7.74s Find the Other at {{0.0, 873.0}, {440.0, 83.0}}
    t =     7.76s Find the Other
    t =     7.78s Find the Other
    t =     7.79s Find the Any (Element at index 17)
    t =     7.81s Find the Other at {{0.0, 0.0}, {440.0, 956.0}}
    t =     7.83s Find the Other
    t =     7.85s Find the Other
    t =     7.87s Find the Any (Element at index 18)
    t =     7.89s Find the Other at {{126.0, 873.0}, {94.0, 54.0}}
    t =     7.91s Find the Other
    t =     7.93s Find the Other
    t =     7.95s Find the Any (Element at index 19)
    t =     7.97s Find the Other at {{126.0, 873.0}, {188.0, 62.0}}
    t =     7.99s Find the Other
    t =     8.01s Find the Other
    t =     8.03s Find the Any (Element at index 20)
    t =     8.05s Find the Other at {{130.0, 877.0}, {94.0, 54.0}}
    t =     8.07s Find the Other
    t =     8.09s Find the Other
    t =     8.11s Find the Any (Element at index 21)
    t =     8.13s Find the Other at {{0.0, 873.0}, {440.0, 83.0}}
    t =     8.15s Find the Other
    t =     8.17s Find the Other
    t =     8.19s Find the Any (Element at index 22)
    t =     8.21s Find the Other at {{0.0, 873.0}, {440.0, 83.0}}
    t =     8.23s Find the Other
    t =     8.25s Find the Other
    t =     8.27s Find the Any (Element at index 23)
    t =     8.29s Find the Other at {{0.0, 0.0}, {440.0, 956.0}}
    t =     8.31s Find the Other
    t =     8.33s Find the Other
    t =     8.35s Find the Any (Element at index 24)
    t =     8.37s Find the "Controls" Button
    t =     8.39s Find the "Controls" Button
    t =     8.41s Find the "Controls" Button
    t =     8.43s Find the "Controls" Button
    t =     8.44s Find the Any (Element at index 25)
    t =     8.46s Find the "About" Button
    t =     8.48s Find the "About" Button
    t =     8.50s Find the "About" Button
    t =     8.53s Find the "About" Button
    t =     8.55s Find the Any (Element at index 26)
    t =     8.58s Find the Other at {{130.0, 877.0}, {94.0, 54.0}}
    t =     8.60s Find the Other
    t =     8.62s Find the Other
    t =     8.63s Find the Any (Element at index 27)
    t =     8.66s Find the Other at {{0.0, 873.0}, {440.0, 83.0}}
    t =     8.68s Find the Other
    t =     8.70s Find the Other
    t =     8.71s Find the Any (Element at index 28)
    t =     8.74s Find the Other at {{0.0, 873.0}, {440.0, 83.0}}
    t =     8.76s Find the Other
    t =     8.78s Find the Other
    t =     8.80s Find the Any (Element at index 29)
    t =     8.82s Find the "Native Controls" NavigationBar
    t =     8.84s Find the "Native Controls" NavigationBar
    t =     8.86s Find the "Native Controls" NavigationBar
    t =     8.88s Find the "Native Controls" NavigationBar
    t =     8.90s Find the Any (Element at index 30)
    t =     8.92s Find the Other at {{0.0, 0.0}, {440.0, 956.0}}
    t =     8.94s Find the Other
    t =     8.96s Find the Other
    t =     8.98s Find the Any (Element at index 31)
    t =     9.00s Find the Other at {{0.0, 0.0}, {440.0, 956.0}}
    t =     9.02s Find the Other
    t =     9.04s Find the Other
    t =     9.06s Find the Any (Element at index 32)
    t =     9.08s Find the "list.bullet" Image
    t =     9.10s Find the "list.bullet" Image
    t =     9.12s Find the "list.bullet" Image
    t =     9.14s Find the "list.bullet" Image
    t =     9.17s Find the "list.bullet" Image
    t =     9.19s Find the Any (Element at index 33)
    t =     9.21s Find the "info.circle.fill" Image
    t =     9.23s Find the "info.circle.fill" Image
    t =     9.25s Find the "info.circle.fill" Image
    t =     9.27s Find the "info.circle.fill" Image
    t =     9.29s Find the "info.circle.fill" Image
    t =     9.31s Find the Any (Element at index 34)
    t =     9.34s Find the Other at {{130.0, 877.0}, {94.0, 54.0}}
    t =     9.36s Find the Other
    t =     9.38s Find the Other
    t =     9.40s Find the Any (Element at index 35)
    t =     9.43s Find the Other at {{130.0, 877.0}, {94.0, 54.0}}
    t =     9.45s Find the Other
    t =     9.47s Find the Other
    t =     9.49s Find the Any (Element at index 36)
    t =     9.52s Find the Other at {{0.0, 873.0}, {440.0, 83.0}}
    t =     9.54s Find the Other
    t =     9.56s Find the Other
    t =     9.58s Find the Any (Element at index 37)
    t =     9.60s Find the "Native Controls" StaticText
    t =     9.63s Find the "Native Controls" StaticText
    t =     9.65s Find the "Native Controls" StaticText
    t =     9.67s Find the "Native Controls" StaticText
    t =     9.69s Find the Any (Element at index 38)
    t =     9.71s Find the Other at {{0.0, 0.0}, {440.0, 956.0}}
    t =     9.73s Find the Other
    t =     9.76s Find the Other
    t =     9.78s Find the Any (Element at index 39)
    t =     9.80s Find the Other at {{0.0, 0.0}, {440.0, 956.0}}
    t =     9.82s Find the Other
    t =     9.84s Find the Other
    t =     9.86s Find the Any (Element at index 40)
    t =     9.89s Find the Other at {{130.0, 877.0}, {94.0, 54.0}}
    t =     9.91s Find the Other
    t =     9.93s Find the Other
    t =     9.95s Find the Any (Element at index 41)
    t =     9.97s Find the Other at {{130.0, 877.0}, {94.0, 54.0}}
    t =     9.99s Find the Other
    t =    10.01s Find the Other
    t =    10.03s Find the Any (Element at index 42)
    t =    10.06s Find the Other at {{0.0, 0.0}, {440.0, 956.0}}
    t =    10.08s Find the Other
    t =    10.10s Find the Other
    t =    10.12s Find the Any (Element at index 43)
    t =    10.15s Find the Other at {{130.0, 877.0}, {94.0, 54.0}}
    t =    10.17s Find the Other
    t =    10.19s Find the Other
    t =    10.21s Find the Any (Element at index 44)
    t =    10.23s Find the Other at {{130.0, 877.0}, {94.0, 54.0}}
    t =    10.26s Find the Other
    t =    10.28s Find the Other
    t =    10.30s Find the Any (Element at index 45)
    t =    10.32s Find the Other at {{0.0, 0.0}, {440.0, 956.0}}
    t =    10.35s Find the Other
    t =    10.37s Find the Other
    t =    10.39s Find the Any (Element at index 46)
    t =    10.41s Find the Other at {{130.0, 877.0}, {94.0, 54.0}}
    t =    10.43s Find the Other
    t =    10.46s Find the Other
    t =    10.48s Find the Any (Element at index 47)
    t =    10.50s Find the "prototype.screen" CollectionView
    t =    10.52s Find the "prototype.screen" CollectionView
    t =    10.55s Find the "prototype.screen" CollectionView
    t =    10.57s Find the "prototype.screen" CollectionView
    t =    10.59s Find the Any (Element at index 48)
    t =    10.61s Find the Other at {{-20.0, -1723.0}, {480.0, 2509.7}}
    t =    10.63s Find the Other
    t =    10.66s Find the Other
    t =    10.68s Find the Any (Element at index 49)
    t =    10.70s Find the Other at {{0.0, 0.0}, {440.0, 956.0}}
    t =    10.72s Find the Other
    t =    10.75s Find the Other
    t =    10.77s Find the Any (Element at index 50)
    t =    10.79s Find the Other at {{0.0, 0.0}, {440.0, 956.0}}
    t =    10.82s Find the Other
    t =    10.84s Find the Other
    t =    10.86s Find the Any (Element at index 51)
    t =    10.88s Find the Cell at {{20.0, 189.0}, {400.0, 145.3}}
    t =    10.91s Find the Cell
    t =    10.93s Find the Cell
    t =    10.95s Find the Any (Element at index 52)
    t =    10.98s Find the Cell at {{20.0, 334.3}, {400.0, 155.3}}
    t =    11.00s Find the Cell
    t =    11.02s Find the Cell
    t =    11.05s Find the Any (Element at index 53)
    t =    11.07s Find the Cell at {{20.0, 489.7}, {400.0, 279.3}}
    t =    11.09s Find the Cell
    t =    11.12s Find the Cell
    t =    11.14s Find the Any (Element at index 54)
    t =    11.17s Find the Other at {{40.0, 488.7}, {360.0, 1.0}}
    t =    11.19s Find the Other
    t =    11.21s Find the Other
    t =    11.24s Find the Any (Element at index 55)
    t =    11.26s Find the Other at {{-20.0, 786.7}, {480.0, 4319.3}}
    t =    11.28s Find the Other
    t =    11.31s Find the Other
    t =    11.33s Find the Any (Element at index 56)
    t =    11.36s Find the Cell at {{20.0, 786.7}, {400.0, 207.3}}
    t =    11.38s Find the Cell
    t =    11.40s Find the Cell
    t =    11.42s Find the Any (Element at index 57)
    t =    11.45s Find the "Vertical scroll bar, 5 pages" Other
    t =    11.47s Find the "Vertical scroll bar, 5 pages" Other
    t =    11.50s Find the "Vertical scroll bar, 5 pages" Other
    t =    11.52s Find the "Vertical scroll bar, 5 pages" Other
    t =    11.54s Find the Any (Element at index 58)
    t =    11.57s Find the Other at {{0.0, 808.2}, {440.0, 147.8}}
    t =    11.60s Find the Other
    t =    11.62s Find the Other
    t =    11.65s Find the Any (Element at index 59)
    t =    11.67s Find the Other at {{20.0, 189.0}, {400.0, 145.3}}
    t =    11.70s Find the Other
    t =    11.72s Find the Other
    t =    11.74s Find the Any (Element at index 60)
    t =    11.77s Find the Other at {{20.0, 189.0}, {400.0, 145.3}}
    t =    11.80s Find the Other
    t =    11.82s Find the Other
    t =    11.84s Find the Any (Element at index 61)
    t =    11.87s Find the Other at {{20.0, 334.3}, {400.0, 155.3}}
    t =    11.89s Find the Other
    t =    11.92s Find the Other
    t =    11.94s Find the Any (Element at index 62)
    t =    11.97s Find the Other at {{20.0, 334.3}, {400.0, 155.3}}
    t =    11.99s Find the Other
    t =    12.02s Find the Other
    t =    12.04s Find the Any (Element at index 63)
    t =    12.07s Find the Other at {{20.0, 489.7}, {400.0, 279.3}}
    t =    12.09s Find the Other
    t =    12.12s Find the Other
    t =    12.14s Find the Any (Element at index 64)
    t =    12.17s Find the Other at {{20.0, 489.7}, {400.0, 279.3}}
    t =    12.20s Find the Other
    t =    12.22s Find the Other
    t =    12.24s Find the Any (Element at index 65)
    t =    12.27s Find the Other at {{20.0, 786.7}, {400.0, 207.3}}
    t =    12.30s Find the Other
    t =    12.32s Find the Other
    t =    12.35s Find the Any (Element at index 66)
    t =    12.37s Find the Other at {{20.0, 786.7}, {400.0, 207.3}}
    t =    12.40s Find the Other
    t =    12.42s Find the Other
    t =    12.45s Find the Any (Element at index 67)
    t =    12.47s Find the Other at {{434.0, 863.0}, {3.0, 7.0}}
    t =    12.50s Find the Other
    t =    12.53s Find the Other
    t =    12.55s Find the Any (Element at index 68)
    t =    12.58s Find the "AdditionalDimmingOverlay" Image
    t =    12.61s Find the "AdditionalDimmingOverlay" Image
    t =    12.63s Find the "AdditionalDimmingOverlay" Image
    t =    12.66s Find the "AdditionalDimmingOverlay" Image
    t =    12.68s Find the Any (Element at index 69)
    t =    12.71s Find the Other at {{0.0, 808.2}, {440.0, 147.8}}
    t =    12.74s Find the Other
    t =    12.76s Find the Other
    t =    12.79s Find the Any (Element at index 70)
    t =    12.82s Find the Other at {{0.0, 808.2}, {440.0, 147.8}}
    t =    12.84s Find the Other
    t =    12.87s Find the Other
    t =    12.89s Find the Any (Element at index 71)
    t =    12.92s Find the Other at {{20.0, 189.0}, {400.0, 145.3}}
    t =    12.95s Find the Other
    t =    12.98s Find the Other
    t =    13.00s Find the Any (Element at index 72)
    t =    13.03s Find the Other at {{20.0, 334.3}, {400.0, 155.3}}
    t =    13.06s Find the Other
    t =    13.09s Find the Other
    t =    13.12s Find the Any (Element at index 73)
    t =    13.15s Find the Other at {{20.0, 334.3}, {400.0, 155.3}}
    t =    13.17s Find the Other
    t =    13.21s Find the Other
    t =    13.24s Find the Any (Element at index 74)
    t =    13.27s Find the Other at {{20.0, 489.7}, {400.0, 279.3}}
    t =    13.30s Find the Other
    t =    13.32s Find the Other
    t =    13.35s Find the Any (Element at index 75)
    t =    13.38s Find the Other at {{20.0, 489.7}, {400.0, 279.3}}
    t =    13.41s Find the Other
    t =    13.43s Find the Other
    t =    13.46s Find the Any (Element at index 76)
    t =    13.49s Find the Other at {{20.0, 786.7}, {400.0, 207.3}}
    t =    13.52s Find the Other
    t =    13.54s Find the Other
    t =    13.57s Find the Any (Element at index 77)
    t =    13.60s Find the Other at {{0.0, 808.2}, {440.0, 147.8}}
    t =    13.63s Find the Other
    t =    13.65s Find the Other
    t =    13.68s Find the Any (Element at index 78)
    t =    13.71s Find the Other at {{0.0, 808.2}, {440.0, 147.8}}
    t =    13.74s Find the Other
    t =    13.77s Find the Other
    t =    13.79s Find the Any (Element at index 79)
    t =    13.82s Find the Other at {{0.0, 808.2}, {440.0, 147.8}}
    t =    13.85s Find the Other
    t =    13.88s Find the Other
    t =    13.90s Find the Any (Element at index 80)
    t =    13.93s Find the Other at {{20.0, 189.0}, {400.0, 145.3}}
    t =    13.96s Find the Other
    t =    13.99s Find the Other
    t =    14.02s Find the Any (Element at index 81)
    t =    14.05s Find the Other at {{20.0, 334.3}, {400.0, 155.3}}
    t =    14.07s Find the Other
    t =    14.10s Find the Other
    t =    14.13s Find the Any (Element at index 82)
    t =    14.15s Find the Other at {{20.0, 489.7}, {400.0, 279.3}}
    t =    14.18s Find the Other
    t =    14.21s Find the Other
    t =    14.24s Find the Any (Element at index 83)
    t =    14.27s Find the Other at {{20.0, 786.7}, {400.0, 207.3}}
    t =    14.31s Find the Other
    t =    14.34s Find the Other
    t =    14.36s Find the Any (Element at index 84)
    t =    14.40s Find the "Preregistered state" StaticText
    t =    14.42s Find the "Preregistered state" StaticText
    t =    14.45s Find the "Preregistered state" StaticText
    t =    14.48s Find the "Preregistered state" StaticText
    t =    14.51s Find the Any (Element at index 85)
    t =    14.54s Find the "prototype.variant" StaticText
    t =    14.57s Find the "prototype.variant" StaticText
    t =    14.60s Find the "prototype.variant" StaticText
    t =    14.63s Find the "prototype.variant" StaticText
    t =    14.66s Find the "prototype.variant" StaticText
    t =    14.68s Find the Any (Element at index 86)
    t =    14.71s Find the "prototype.deliberate-low-contrast" StaticText
    t =    14.74s Find the "prototype.deliberate-low-contrast" StaticText
    t =    14.77s Find the "prototype.deliberate-low-contrast" StaticText
    t =    14.80s Find the "prototype.deliberate-low-contrast" StaticText
    t =    14.83s Find the "prototype.deliberate-low-contrast" StaticText
    t =    14.86s Find the Any (Element at index 87)
    t =    14.89s Find the "Native navigation links" StaticText
    t =    14.92s Find the "Native navigation links" StaticText
    t =    14.95s Find the "Native navigation links" StaticText
    t =    14.98s Find the "Native navigation links" StaticText
    t =    15.01s Added attachment named '05-deliberate-low-contrast-light-AX5-accessibility-element-inventory'
    t =    15.38s Find the Any (Descendant with identity binding to AX element pid: 41436, elementOrHash.elementID: 4421306560.90)
    t =    15.40s Checking existence of `"prototype.deliberate-low-contrast" StaticText`
    t =    15.41s Find the "prototype.deliberate-low-contrast" StaticText
/Users/devin/dev/repos/github@zenbujapanese/zenbujapanese-monorepo-prototype-293/prototypes/issue-293-liquid-glass-audit-controls/UITests/PrototypeIssue293UITests.swift:37: error: -[PrototypeIssue293UITests.PrototypeIssue293UITests test05DeliberateLowContrastLightAX5] : Contrast failed
    t =    15.46s Find the Any (Descendant with identity binding to AX element pid: 41436, elementOrHash.elementID: 4421307456.91)
    t =    15.48s Checking existence of `"Native navigation links" StaticText`
    t =    15.50s Find the "Native navigation links" StaticText
/Users/devin/dev/repos/github@zenbujapanese/zenbujapanese-monorepo-prototype-293/prototypes/issue-293-liquid-glass-audit-controls/UITests/PrototypeIssue293UITests.swift:37: error: -[PrototypeIssue293UITests.PrototypeIssue293UITests test05DeliberateLowContrastLightAX5] : Contrast failed
    t =    15.55s Tear Down
Test Case '-[PrototypeIssue293UITests.PrototypeIssue293UITests test05DeliberateLowContrastLightAX5]' failed (15.762 seconds).
Test Case '-[PrototypeIssue293UITests.PrototypeIssue293UITests test06DeliberateLowContrastDarkAX5]' started.
    t =     0.00s Start Test at 2026-09-05 07:51:20.765
    t =     0.03s Set Up
    t =     0.03s Setting appearance mode to Dark
    t =     2.05s     Wait for dev.zenbujapanese.prototype.issue293 to idle
    t =     2.05s Open dev.zenbujapanese.prototype.issue293
    t =     2.05s     Launch dev.zenbujapanese.prototype.issue293
    t =     2.05s         Terminate dev.zenbujapanese.prototype.issue293:41436
2026-09-05 07:51:23.851 xcodebuild[40781:5834189] [MT] IDELaunchParametersSnapshot: The operation couldn’t be completed. (DebuggerLLDB.DebuggerVersionStore.StoreError error 0.)
2026-09-05 07:51:23.851 xcodebuild[40781:5834189] [MT] IDELaunchParametersSnapshot: no debugger version
    t =     3.29s         Setting up automation session
    t =     4.04s         Wait for dev.zenbujapanese.prototype.issue293 to idle
    t =     5.39s Waiting 5.0s for "prototype.screen" CollectionView to exist
    t =     6.39s     Checking `Expect predicate `existsNoRetry == 1` for object "prototype.screen" CollectionView`
    t =     6.39s         Checking existence of `"prototype.screen" CollectionView`
    t =     6.58s Added attachment named '06-deliberate-low-contrast-dark-AX5'
    t =     6.58s Added attachment named '06-deliberate-low-contrast-dark-AX5-public-accessibility-settings'
    t =     6.58s Get all elements bound by index for: Descendants matching type Any
    t =     6.61s Find the Any (Element at index 0)
    t =     6.63s Find the Window at {{0.0, 0.0}, {440.0, 956.0}}
    t =     6.65s Find the Window
    t =     6.67s Find the Window
    t =     6.68s Find the Any (Element at index 1)
    t =     6.70s Find the Other at {{0.0, 0.0}, {440.0, 956.0}}
    t =     6.72s Find the Other
    t =     6.74s Find the Other
    t =     6.75s Find the Any (Element at index 2)
    t =     6.77s Find the Other at {{0.0, 0.0}, {440.0, 956.0}}
    t =     6.79s Find the Other
    t =     6.80s Find the Other
    t =     6.82s Find the Any (Element at index 3)
    t =     6.84s Find the Other at {{0.0, 0.0}, {440.0, 956.0}}
    t =     6.86s Find the Other
    t =     6.87s Find the Other
    t =     6.89s Find the Any (Element at index 4)
    t =     6.91s Find the Other at {{0.0, 0.0}, {440.0, 956.0}}
    t =     6.92s Find the Other
    t =     6.94s Find the Other
    t =     6.96s Find the Any (Element at index 5)
    t =     6.98s Find the Other at {{0.0, 0.0}, {440.0, 956.0}}
    t =     6.99s Find the Other
    t =     7.01s Find the Other
    t =     7.03s Find the Any (Element at index 6)
    t =     7.04s Find the Other at {{0.0, 0.0}, {440.0, 956.0}}
    t =     7.06s Find the Other
    t =     7.08s Find the Other
    t =     7.09s Find the Any (Element at index 7)
    t =     7.11s Find the Other at {{0.0, 873.0}, {440.0, 83.0}}
    t =     7.13s Find the Other
    t =     7.15s Find the Other
    t =     7.16s Find the Any (Element at index 8)
    t =     7.18s Find the Other at {{0.0, 0.0}, {440.0, 956.0}}
    t =     7.20s Find the Other
    t =     7.22s Find the Other
    t =     7.23s Find the Any (Element at index 9)
    t =     7.25s Find the Other at {{0.0, 0.0}, {440.0, 956.0}}
    t =     7.27s Find the Other
    t =     7.29s Find the Other
    t =     7.30s Find the Any (Element at index 10)
    t =     7.32s Find the Other at {{0.0, 873.0}, {440.0, 83.0}}
    t =     7.34s Find the Other
    t =     7.36s Find the Other
    t =     7.37s Find the Any (Element at index 11)
    t =     7.40s Find the Other at {{0.0, 0.0}, {440.0, 956.0}}
    t =     7.41s Find the Other
    t =     7.43s Find the Other
    t =     7.45s Find the Any (Element at index 12)
    t =     7.47s Find the "Tab Bar" TabBar
    t =     7.48s Find the "Tab Bar" TabBar
    t =     7.50s Find the "Tab Bar" TabBar
    t =     7.52s Find the "Tab Bar" TabBar
    t =     7.53s Find the Any (Element at index 13)
    t =     7.55s Find the Other at {{0.0, 873.0}, {440.0, 83.0}}
    t =     7.57s Find the Other
    t =     7.59s Find the Other
    t =     7.61s Find the Any (Element at index 14)
    t =     7.63s Find the Other at {{0.0, 0.0}, {440.0, 956.0}}
    t =     7.64s Find the Other
    t =     7.66s Find the Other
    t =     7.68s Find the Any (Element at index 15)
    t =     7.70s Find the Other at {{126.0, 873.0}, {188.0, 62.0}}
    t =     7.72s Find the Other
    t =     7.74s Find the Other
    t =     7.75s Find the Any (Element at index 16)
    t =     7.77s Find the Other at {{0.0, 873.0}, {440.0, 83.0}}
    t =     7.79s Find the Other
    t =     7.81s Find the Other
    t =     7.82s Find the Any (Element at index 17)
    t =     7.85s Find the Other at {{0.0, 0.0}, {440.0, 956.0}}
    t =     7.86s Find the Other
    t =     7.88s Find the Other
    t =     7.90s Find the Any (Element at index 18)
    t =     7.92s Find the Other at {{126.0, 873.0}, {94.0, 54.0}}
    t =     7.94s Find the Other
    t =     7.96s Find the Other
    t =     7.97s Find the Any (Element at index 19)
    t =     8.00s Find the Other at {{126.0, 873.0}, {188.0, 62.0}}
    t =     8.01s Find the Other
    t =     8.03s Find the Other
    t =     8.05s Find the Any (Element at index 20)
    t =     8.07s Find the Other at {{130.0, 877.0}, {94.0, 54.0}}
    t =     8.09s Find the Other
    t =     8.11s Find the Other
    t =     8.12s Find the Any (Element at index 21)
    t =     8.15s Find the Other at {{0.0, 873.0}, {440.0, 83.0}}
    t =     8.16s Find the Other
    t =     8.18s Find the Other
    t =     8.20s Find the Any (Element at index 22)
    t =     8.22s Find the Other at {{0.0, 873.0}, {440.0, 83.0}}
    t =     8.24s Find the Other
    t =     8.26s Find the Other
    t =     8.28s Find the Any (Element at index 23)
    t =     8.30s Find the Other at {{0.0, 0.0}, {440.0, 956.0}}
    t =     8.32s Find the Other
    t =     8.34s Find the Other
    t =     8.36s Find the Any (Element at index 24)
    t =     8.38s Find the "Controls" Button
    t =     8.40s Find the "Controls" Button
    t =     8.42s Find the "Controls" Button
    t =     8.44s Find the "Controls" Button
    t =     8.46s Find the Any (Element at index 25)
    t =     8.48s Find the "About" Button
    t =     8.50s Find the "About" Button
    t =     8.52s Find the "About" Button
    t =     8.54s Find the "About" Button
    t =     8.55s Find the Any (Element at index 26)
    t =     8.58s Find the Other at {{130.0, 877.0}, {94.0, 54.0}}
    t =     8.60s Find the Other
    t =     8.62s Find the Other
    t =     8.64s Find the Any (Element at index 27)
    t =     8.66s Find the Other at {{0.0, 873.0}, {440.0, 83.0}}
    t =     8.68s Find the Other
    t =     8.70s Find the Other
    t =     8.72s Find the Any (Element at index 28)
    t =     8.74s Find the Other at {{0.0, 873.0}, {440.0, 83.0}}
    t =     8.76s Find the Other
    t =     8.78s Find the Other
    t =     8.80s Find the Any (Element at index 29)
    t =     8.82s Find the "Native Controls" NavigationBar
    t =     8.84s Find the "Native Controls" NavigationBar
    t =     8.86s Find the "Native Controls" NavigationBar
    t =     8.88s Find the "Native Controls" NavigationBar
    t =     8.90s Find the Any (Element at index 30)
    t =     8.93s Find the Other at {{0.0, 0.0}, {440.0, 956.0}}
    t =     8.94s Find the Other
    t =     8.96s Find the Other
    t =     8.98s Find the Any (Element at index 31)
    t =     9.01s Find the Other at {{0.0, 0.0}, {440.0, 956.0}}
    t =     9.02s Find the Other
    t =     9.05s Find the Other
    t =     9.06s Find the Any (Element at index 32)
    t =     9.09s Find the "list.bullet" Image
    t =     9.11s Find the "list.bullet" Image
    t =     9.13s Find the "list.bullet" Image
    t =     9.15s Find the "list.bullet" Image
    t =     9.17s Find the "list.bullet" Image
    t =     9.19s Find the Any (Element at index 33)
    t =     9.21s Find the "info.circle.fill" Image
    t =     9.23s Find the "info.circle.fill" Image
    t =     9.25s Find the "info.circle.fill" Image
    t =     9.27s Find the "info.circle.fill" Image
    t =     9.29s Find the "info.circle.fill" Image
    t =     9.31s Find the Any (Element at index 34)
    t =     9.33s Find the Other at {{130.0, 877.0}, {94.0, 54.0}}
    t =     9.35s Find the Other
    t =     9.37s Find the Other
    t =     9.39s Find the Any (Element at index 35)
    t =     9.42s Find the Other at {{130.0, 877.0}, {94.0, 54.0}}
    t =     9.44s Find the Other
    t =     9.46s Find the Other
    t =     9.48s Find the Any (Element at index 36)
    t =     9.50s Find the Other at {{0.0, 873.0}, {440.0, 83.0}}
    t =     9.52s Find the Other
    t =     9.54s Find the Other
    t =     9.56s Find the Any (Element at index 37)
    t =     9.58s Find the "Native Controls" StaticText
    t =     9.61s Find the "Native Controls" StaticText
    t =     9.63s Find the "Native Controls" StaticText
    t =     9.65s Find the "Native Controls" StaticText
    t =     9.67s Find the Any (Element at index 38)
    t =     9.69s Find the Other at {{0.0, 0.0}, {440.0, 956.0}}
    t =     9.71s Find the Other
    t =     9.73s Find the Other
    t =     9.75s Find the Any (Element at index 39)
    t =     9.77s Find the Other at {{0.0, 0.0}, {440.0, 956.0}}
    t =     9.79s Find the Other
    t =     9.82s Find the Other
    t =     9.84s Find the Any (Element at index 40)
    t =     9.86s Find the Other at {{130.0, 877.0}, {94.0, 54.0}}
    t =     9.88s Find the Other
    t =     9.90s Find the Other
    t =     9.92s Find the Any (Element at index 41)
    t =     9.95s Find the Other at {{130.0, 877.0}, {94.0, 54.0}}
    t =     9.97s Find the Other
    t =     9.99s Find the Other
    t =    10.01s Find the Any (Element at index 42)
    t =    10.03s Find the Other at {{0.0, 0.0}, {440.0, 956.0}}
    t =    10.05s Find the Other
    t =    10.07s Find the Other
    t =    10.10s Find the Any (Element at index 43)
    t =    10.12s Find the Other at {{130.0, 877.0}, {94.0, 54.0}}
    t =    10.14s Find the Other
    t =    10.16s Find the Other
    t =    10.18s Find the Any (Element at index 44)
    t =    10.21s Find the Other at {{130.0, 877.0}, {94.0, 54.0}}
    t =    10.23s Find the Other
    t =    10.25s Find the Other
    t =    10.27s Find the Any (Element at index 45)
    t =    10.30s Find the Other at {{0.0, 0.0}, {440.0, 956.0}}
    t =    10.32s Find the Other
    t =    10.34s Find the Other
    t =    10.36s Find the Any (Element at index 46)
    t =    10.39s Find the Other at {{130.0, 877.0}, {94.0, 54.0}}
    t =    10.41s Find the Other
    t =    10.43s Find the Other
    t =    10.45s Find the Any (Element at index 47)
    t =    10.48s Find the "prototype.screen" CollectionView
    t =    10.50s Find the "prototype.screen" CollectionView
    t =    10.52s Find the "prototype.screen" CollectionView
    t =    10.54s Find the "prototype.screen" CollectionView
    t =    10.56s Find the Any (Element at index 48)
    t =    10.59s Find the Other at {{-20.0, -1723.0}, {480.0, 2509.7}}
    t =    10.61s Find the Other
    t =    10.63s Find the Other
    t =    10.66s Find the Any (Element at index 49)
    t =    10.68s Find the Other at {{0.0, 0.0}, {440.0, 956.0}}
    t =    10.71s Find the Other
    t =    10.73s Find the Other
    t =    10.75s Find the Any (Element at index 50)
    t =    10.78s Find the Other at {{0.0, 0.0}, {440.0, 956.0}}
    t =    10.80s Find the Other
    t =    10.83s Find the Other
    t =    10.85s Find the Any (Element at index 51)
    t =    10.87s Find the Cell at {{20.0, 189.0}, {400.0, 145.3}}
    t =    10.90s Find the Cell
    t =    10.92s Find the Cell
    t =    10.94s Find the Any (Element at index 52)
    t =    10.97s Find the Cell at {{20.0, 334.3}, {400.0, 155.3}}
    t =    10.99s Find the Cell
    t =    11.01s Find the Cell
    t =    11.03s Find the Any (Element at index 53)
    t =    11.06s Find the Cell at {{20.0, 489.7}, {400.0, 279.3}}
    t =    11.08s Find the Cell
    t =    11.11s Find the Cell
    t =    11.13s Find the Any (Element at index 54)
    t =    11.15s Find the Other at {{40.0, 488.7}, {360.0, 1.0}}
    t =    11.18s Find the Other
    t =    11.20s Find the Other
    t =    11.22s Find the Any (Element at index 55)
    t =    11.25s Find the Other at {{-20.0, 786.7}, {480.0, 4319.3}}
    t =    11.27s Find the Other
    t =    11.29s Find the Other
    t =    11.31s Find the Any (Element at index 56)
    t =    11.34s Find the Cell at {{20.0, 786.7}, {400.0, 207.3}}
    t =    11.36s Find the Cell
    t =    11.39s Find the Cell
    t =    11.41s Find the Any (Element at index 57)
    t =    11.43s Find the "Vertical scroll bar, 5 pages" Other
    t =    11.46s Find the "Vertical scroll bar, 5 pages" Other
    t =    11.48s Find the "Vertical scroll bar, 5 pages" Other
    t =    11.51s Find the "Vertical scroll bar, 5 pages" Other
    t =    11.53s Find the Any (Element at index 58)
    t =    11.56s Find the Other at {{0.0, 808.2}, {440.0, 147.8}}
    t =    11.58s Find the Other
    t =    11.61s Find the Other
    t =    11.63s Find the Any (Element at index 59)
    t =    11.66s Find the Other at {{20.0, 189.0}, {400.0, 145.3}}
    t =    11.68s Find the Other
    t =    11.71s Find the Other
    t =    11.73s Find the Any (Element at index 60)
    t =    11.76s Find the Other at {{20.0, 189.0}, {400.0, 145.3}}
    t =    11.78s Find the Other
    t =    11.81s Find the Other
    t =    11.83s Find the Any (Element at index 61)
    t =    11.86s Find the Other at {{20.0, 334.3}, {400.0, 155.3}}
    t =    11.88s Find the Other
    t =    11.91s Find the Other
    t =    11.93s Find the Any (Element at index 62)
    t =    11.96s Find the Other at {{20.0, 334.3}, {400.0, 155.3}}
    t =    11.98s Find the Other
    t =    12.01s Find the Other
    t =    12.03s Find the Any (Element at index 63)
    t =    12.06s Find the Other at {{20.0, 489.7}, {400.0, 279.3}}
    t =    12.08s Find the Other
    t =    12.11s Find the Other
    t =    12.13s Find the Any (Element at index 64)
    t =    12.16s Find the Other at {{20.0, 489.7}, {400.0, 279.3}}
    t =    12.19s Find the Other
    t =    12.21s Find the Other
    t =    12.23s Find the Any (Element at index 65)
    t =    12.26s Find the Other at {{20.0, 786.7}, {400.0, 207.3}}
    t =    12.29s Find the Other
    t =    12.31s Find the Other
    t =    12.34s Find the Any (Element at index 66)
    t =    12.37s Find the Other at {{20.0, 786.7}, {400.0, 207.3}}
    t =    12.39s Find the Other
    t =    12.42s Find the Other
    t =    12.44s Find the Any (Element at index 67)
    t =    12.47s Find the Other at {{434.0, 863.0}, {3.0, 7.0}}
    t =    12.50s Find the Other
    t =    12.52s Find the Other
    t =    12.55s Find the Any (Element at index 68)
    t =    12.57s Find the "AdditionalDimmingOverlay" Image
    t =    12.60s Find the "AdditionalDimmingOverlay" Image
    t =    12.63s Find the "AdditionalDimmingOverlay" Image
    t =    12.65s Find the "AdditionalDimmingOverlay" Image
    t =    12.68s Find the Any (Element at index 69)
    t =    12.71s Find the Other at {{0.0, 808.2}, {440.0, 147.8}}
    t =    12.73s Find the Other
    t =    12.76s Find the Other
    t =    12.78s Find the Any (Element at index 70)
    t =    12.81s Find the Other at {{0.0, 808.2}, {440.0, 147.8}}
    t =    12.84s Find the Other
    t =    12.87s Find the Other
    t =    12.89s Find the Any (Element at index 71)
    t =    12.92s Find the Other at {{20.0, 189.0}, {400.0, 145.3}}
    t =    12.95s Find the Other
    t =    12.97s Find the Other
    t =    13.00s Find the Any (Element at index 72)
    t =    13.03s Find the Other at {{20.0, 334.3}, {400.0, 155.3}}
    t =    13.05s Find the Other
    t =    13.08s Find the Other
    t =    13.10s Find the Any (Element at index 73)
    t =    13.13s Find the Other at {{20.0, 334.3}, {400.0, 155.3}}
    t =    13.16s Find the Other
    t =    13.18s Find the Other
    t =    13.21s Find the Any (Element at index 74)
    t =    13.24s Find the Other at {{20.0, 489.7}, {400.0, 279.3}}
    t =    13.27s Find the Other
    t =    13.30s Find the Other
    t =    13.32s Find the Any (Element at index 75)
    t =    13.35s Find the Other at {{20.0, 489.7}, {400.0, 279.3}}
    t =    13.38s Find the Other
    t =    13.41s Find the Other
    t =    13.43s Find the Any (Element at index 76)
    t =    13.46s Find the Other at {{20.0, 786.7}, {400.0, 207.3}}
    t =    13.49s Find the Other
    t =    13.52s Find the Other
    t =    13.54s Find the Any (Element at index 77)
    t =    13.57s Find the Other at {{0.0, 808.2}, {440.0, 147.8}}
    t =    13.62s Find the Other
    t =    13.65s Find the Other
    t =    13.67s Find the Any (Element at index 78)
    t =    13.70s Find the Other at {{0.0, 808.2}, {440.0, 147.8}}
    t =    13.73s Find the Other
    t =    13.76s Find the Other
    t =    13.78s Find the Any (Element at index 79)
    t =    13.82s Find the Other at {{0.0, 808.2}, {440.0, 147.8}}
    t =    13.84s Find the Other
    t =    13.87s Find the Other
    t =    13.90s Find the Any (Element at index 80)
    t =    13.93s Find the Other at {{20.0, 189.0}, {400.0, 145.3}}
    t =    13.96s Find the Other
    t =    13.99s Find the Other
    t =    14.02s Find the Any (Element at index 81)
    t =    14.05s Find the Other at {{20.0, 334.3}, {400.0, 155.3}}
    t =    14.08s Find the Other
    t =    14.11s Find the Other
    t =    14.14s Find the Any (Element at index 82)
    t =    14.17s Find the Other at {{20.0, 489.7}, {400.0, 279.3}}
    t =    14.20s Find the Other
    t =    14.23s Find the Other
    t =    14.26s Find the Any (Element at index 83)
    t =    14.29s Find the Other at {{20.0, 786.7}, {400.0, 207.3}}
    t =    14.32s Find the Other
    t =    14.35s Find the Other
    t =    14.38s Find the Any (Element at index 84)
    t =    14.41s Find the "Preregistered state" StaticText
    t =    14.44s Find the "Preregistered state" StaticText
    t =    14.47s Find the "Preregistered state" StaticText
    t =    14.50s Find the "Preregistered state" StaticText
    t =    14.53s Find the Any (Element at index 85)
    t =    14.56s Find the "prototype.variant" StaticText
    t =    14.59s Find the "prototype.variant" StaticText
    t =    14.62s Find the "prototype.variant" StaticText
    t =    14.65s Find the "prototype.variant" StaticText
    t =    14.67s Find the "prototype.variant" StaticText
    t =    14.70s Find the Any (Element at index 86)
    t =    14.73s Find the "prototype.deliberate-low-contrast" StaticText
    t =    14.76s Find the "prototype.deliberate-low-contrast" StaticText
    t =    14.79s Find the "prototype.deliberate-low-contrast" StaticText
    t =    14.83s Find the "prototype.deliberate-low-contrast" StaticText
    t =    14.86s Find the "prototype.deliberate-low-contrast" StaticText
    t =    14.89s Find the Any (Element at index 87)
    t =    14.92s Find the "Native navigation links" StaticText
    t =    14.95s Find the "Native navigation links" StaticText
    t =    14.98s Find the "Native navigation links" StaticText
    t =    15.01s Find the "Native navigation links" StaticText
    t =    15.04s Added attachment named '06-deliberate-low-contrast-dark-AX5-accessibility-element-inventory'
    t =    15.41s Find the Any (Descendant with identity binding to AX element pid: 41544, elementOrHash.elementID: 4391864512.90)
    t =    15.42s Checking existence of `"prototype.deliberate-low-contrast" StaticText`
    t =    15.44s Find the "prototype.deliberate-low-contrast" StaticText
/Users/devin/dev/repos/github@zenbujapanese/zenbujapanese-monorepo-prototype-293/prototypes/issue-293-liquid-glass-audit-controls/UITests/PrototypeIssue293UITests.swift:44: error: -[PrototypeIssue293UITests.PrototypeIssue293UITests test06DeliberateLowContrastDarkAX5] : Contrast failed
    t =    15.49s Find the Any (Descendant with identity binding to AX element pid: 41544, elementOrHash.elementID: 4391865408.91)
    t =    15.50s Checking existence of `"Native navigation links" StaticText`
    t =    15.52s Find the "Native navigation links" StaticText
/Users/devin/dev/repos/github@zenbujapanese/zenbujapanese-monorepo-prototype-293/prototypes/issue-293-liquid-glass-audit-controls/UITests/PrototypeIssue293UITests.swift:44: error: -[PrototypeIssue293UITests.PrototypeIssue293UITests test06DeliberateLowContrastDarkAX5] : Contrast failed
    t =    15.57s Tear Down
Test Case '-[PrototypeIssue293UITests.PrototypeIssue293UITests test06DeliberateLowContrastDarkAX5]' failed (15.838 seconds).
Test Case '-[PrototypeIssue293UITests.PrototypeIssue293UITests test07SemanticRepairLightAX5]' started.
    t =     0.00s Start Test at 2026-09-05 07:51:36.605
    t =     0.03s Set Up
    t =     0.03s Setting appearance mode to Light
    t =     2.04s     Wait for dev.zenbujapanese.prototype.issue293 to idle
    t =     2.05s Open dev.zenbujapanese.prototype.issue293
    t =     2.05s     Launch dev.zenbujapanese.prototype.issue293
    t =     2.05s         Terminate dev.zenbujapanese.prototype.issue293:41544
2026-09-05 07:51:39.686 xcodebuild[40781:5834189] [MT] IDELaunchParametersSnapshot: The operation couldn’t be completed. (DebuggerLLDB.DebuggerVersionStore.StoreError error 0.)
2026-09-05 07:51:39.686 xcodebuild[40781:5834189] [MT] IDELaunchParametersSnapshot: no debugger version
    t =     3.29s         Setting up automation session
    t =     3.98s         Wait for dev.zenbujapanese.prototype.issue293 to idle
    t =     5.29s Waiting 5.0s for "prototype.screen" CollectionView to exist
    t =     6.30s     Checking `Expect predicate `existsNoRetry == 1` for object "prototype.screen" CollectionView`
    t =     6.30s         Checking existence of `"prototype.screen" CollectionView`
    t =     6.48s Added attachment named '07-semantic-repair-light-AX5'
    t =     6.48s Added attachment named '07-semantic-repair-light-AX5-public-accessibility-settings'
    t =     6.48s Get all elements bound by index for: Descendants matching type Any
    t =     6.52s Find the Any (Element at index 0)
    t =     6.54s Find the Window at {{0.0, 0.0}, {440.0, 956.0}}
    t =     6.55s Find the Window
    t =     6.57s Find the Window
    t =     6.59s Find the Any (Element at index 1)
    t =     6.61s Find the Other at {{0.0, 0.0}, {440.0, 956.0}}
    t =     6.62s Find the Other
    t =     6.64s Find the Other
    t =     6.65s Find the Any (Element at index 2)
    t =     6.67s Find the Other at {{0.0, 0.0}, {440.0, 956.0}}
    t =     6.69s Find the Other
    t =     6.71s Find the Other
    t =     6.72s Find the Any (Element at index 3)
    t =     6.74s Find the Other at {{0.0, 0.0}, {440.0, 956.0}}
    t =     6.76s Find the Other
    t =     6.78s Find the Other
    t =     6.80s Find the Any (Element at index 4)
    t =     6.81s Find the Other at {{0.0, 0.0}, {440.0, 956.0}}
    t =     6.83s Find the Other
    t =     6.85s Find the Other
    t =     6.86s Find the Any (Element at index 5)
    t =     6.88s Find the Other at {{0.0, 0.0}, {440.0, 956.0}}
    t =     6.90s Find the Other
    t =     6.92s Find the Other
    t =     6.93s Find the Any (Element at index 6)
    t =     6.95s Find the Other at {{0.0, 0.0}, {440.0, 956.0}}
    t =     6.97s Find the Other
    t =     6.99s Find the Other
    t =     7.00s Find the Any (Element at index 7)
    t =     7.02s Find the Other at {{0.0, 873.0}, {440.0, 83.0}}
    t =     7.04s Find the Other
    t =     7.06s Find the Other
    t =     7.07s Find the Any (Element at index 8)
    t =     7.09s Find the Other at {{0.0, 0.0}, {440.0, 956.0}}
    t =     7.11s Find the Other
    t =     7.12s Find the Other
    t =     7.14s Find the Any (Element at index 9)
    t =     7.16s Find the Other at {{0.0, 0.0}, {440.0, 956.0}}
    t =     7.18s Find the Other
    t =     7.20s Find the Other
    t =     7.21s Find the Any (Element at index 10)
    t =     7.23s Find the Other at {{0.0, 873.0}, {440.0, 83.0}}
    t =     7.25s Find the Other
    t =     7.27s Find the Other
    t =     7.28s Find the Any (Element at index 11)
    t =     7.30s Find the Other at {{0.0, 0.0}, {440.0, 956.0}}
    t =     7.32s Find the Other
    t =     7.34s Find the Other
    t =     7.36s Find the Any (Element at index 12)
    t =     7.38s Find the "Tab Bar" TabBar
    t =     7.39s Find the "Tab Bar" TabBar
    t =     7.41s Find the "Tab Bar" TabBar
    t =     7.43s Find the "Tab Bar" TabBar
    t =     7.45s Find the Any (Element at index 13)
    t =     7.47s Find the Other at {{0.0, 873.0}, {440.0, 83.0}}
    t =     7.49s Find the Other
    t =     7.50s Find the Other
    t =     7.52s Find the Any (Element at index 14)
    t =     7.54s Find the Other at {{0.0, 0.0}, {440.0, 956.0}}
    t =     7.56s Find the Other
    t =     7.58s Find the Other
    t =     7.59s Find the Any (Element at index 15)
    t =     7.61s Find the Other at {{126.0, 873.0}, {188.0, 62.0}}
    t =     7.63s Find the Other
    t =     7.65s Find the Other
    t =     7.67s Find the Any (Element at index 16)
    t =     7.69s Find the Other at {{0.0, 873.0}, {440.0, 83.0}}
    t =     7.71s Find the Other
    t =     7.73s Find the Other
    t =     7.75s Find the Any (Element at index 17)
    t =     7.77s Find the Other at {{0.0, 0.0}, {440.0, 956.0}}
    t =     7.79s Find the Other
    t =     7.81s Find the Other
    t =     7.82s Find the Any (Element at index 18)
    t =     7.84s Find the Other at {{126.0, 873.0}, {94.0, 54.0}}
    t =     7.86s Find the Other
    t =     7.88s Find the Other
    t =     7.90s Find the Any (Element at index 19)
    t =     7.92s Find the Other at {{126.0, 873.0}, {188.0, 62.0}}
    t =     7.94s Find the Other
    t =     7.96s Find the Other
    t =     7.98s Find the Any (Element at index 20)
    t =     8.00s Find the Other at {{130.0, 877.0}, {94.0, 54.0}}
    t =     8.02s Find the Other
    t =     8.04s Find the Other
    t =     8.05s Find the Any (Element at index 21)
    t =     8.08s Find the Other at {{0.0, 873.0}, {440.0, 83.0}}
    t =     8.10s Find the Other
    t =     8.11s Find the Other
    t =     8.13s Find the Any (Element at index 22)
    t =     8.15s Find the Other at {{0.0, 873.0}, {440.0, 83.0}}
    t =     8.17s Find the Other
    t =     8.19s Find the Other
    t =     8.21s Find the Any (Element at index 23)
    t =     8.23s Find the Other at {{0.0, 0.0}, {440.0, 956.0}}
    t =     8.25s Find the Other
    t =     8.27s Find the Other
    t =     8.29s Find the Any (Element at index 24)
    t =     8.31s Find the "Controls" Button
    t =     8.33s Find the "Controls" Button
    t =     8.35s Find the "Controls" Button
    t =     8.37s Find the "Controls" Button
    t =     8.39s Find the Any (Element at index 25)
    t =     8.41s Find the "About" Button
    t =     8.43s Find the "About" Button
    t =     8.45s Find the "About" Button
    t =     8.47s Find the "About" Button
    t =     8.49s Find the Any (Element at index 26)
    t =     8.51s Find the Other at {{130.0, 877.0}, {94.0, 54.0}}
    t =     8.53s Find the Other
    t =     8.55s Find the Other
    t =     8.57s Find the Any (Element at index 27)
    t =     8.59s Find the Other at {{0.0, 873.0}, {440.0, 83.0}}
    t =     8.61s Find the Other
    t =     8.63s Find the Other
    t =     8.65s Find the Any (Element at index 28)
    t =     8.67s Find the Other at {{0.0, 873.0}, {440.0, 83.0}}
    t =     8.69s Find the Other
    t =     8.71s Find the Other
    t =     8.73s Find the Any (Element at index 29)
    t =     8.75s Find the "Native Controls" NavigationBar
    t =     8.77s Find the "Native Controls" NavigationBar
    t =     8.79s Find the "Native Controls" NavigationBar
    t =     8.81s Find the "Native Controls" NavigationBar
    t =     8.83s Find the Any (Element at index 30)
    t =     8.86s Find the Other at {{0.0, 0.0}, {440.0, 956.0}}
    t =     8.88s Find the Other
    t =     8.90s Find the Other
    t =     8.91s Find the Any (Element at index 31)
    t =     8.94s Find the Other at {{0.0, 0.0}, {440.0, 956.0}}
    t =     8.96s Find the Other
    t =     8.98s Find the Other
    t =     9.00s Find the Any (Element at index 32)
    t =     9.02s Find the "list.bullet" Image
    t =     9.04s Find the "list.bullet" Image
    t =     9.06s Find the "list.bullet" Image
    t =     9.08s Find the "list.bullet" Image
    t =     9.10s Find the "list.bullet" Image
    t =     9.12s Find the Any (Element at index 33)
    t =     9.15s Find the "info.circle.fill" Image
    t =     9.17s Find the "info.circle.fill" Image
    t =     9.19s Find the "info.circle.fill" Image
    t =     9.21s Find the "info.circle.fill" Image
    t =     9.23s Find the "info.circle.fill" Image
    t =     9.25s Find the Any (Element at index 34)
    t =     9.27s Find the Other at {{130.0, 877.0}, {94.0, 54.0}}
    t =     9.29s Find the Other
    t =     9.32s Find the Other
    t =     9.33s Find the Any (Element at index 35)
    t =     9.36s Find the Other at {{130.0, 877.0}, {94.0, 54.0}}
    t =     9.38s Find the Other
    t =     9.40s Find the Other
    t =     9.42s Find the Any (Element at index 36)
    t =     9.44s Find the Other at {{0.0, 873.0}, {440.0, 83.0}}
    t =     9.46s Find the Other
    t =     9.48s Find the Other
    t =     9.50s Find the Any (Element at index 37)
    t =     9.52s Find the "Native Controls" StaticText
    t =     9.54s Find the "Native Controls" StaticText
    t =     9.57s Find the "Native Controls" StaticText
    t =     9.59s Find the "Native Controls" StaticText
    t =     9.61s Find the Any (Element at index 38)
    t =     9.63s Find the Other at {{0.0, 0.0}, {440.0, 956.0}}
    t =     9.65s Find the Other
    t =     9.67s Find the Other
    t =     9.69s Find the Any (Element at index 39)
    t =     9.72s Find the Other at {{0.0, 0.0}, {440.0, 956.0}}
    t =     9.74s Find the Other
    t =     9.76s Find the Other
    t =     9.78s Find the Any (Element at index 40)
    t =     9.80s Find the Other at {{130.0, 877.0}, {94.0, 54.0}}
    t =     9.82s Find the Other
    t =     9.84s Find the Other
    t =     9.86s Find the Any (Element at index 41)
    t =     9.89s Find the Other at {{130.0, 877.0}, {94.0, 54.0}}
    t =     9.91s Find the Other
    t =     9.93s Find the Other
    t =     9.95s Find the Any (Element at index 42)
    t =     9.97s Find the Other at {{0.0, 0.0}, {440.0, 956.0}}
    t =    10.01s Find the Other
    t =    10.03s Find the Other
    t =    10.05s Find the Any (Element at index 43)
    t =    10.08s Find the Other at {{130.0, 877.0}, {94.0, 54.0}}
    t =    10.10s Find the Other
    t =    10.12s Find the Other
    t =    10.14s Find the Any (Element at index 44)
    t =    10.17s Find the Other at {{130.0, 877.0}, {94.0, 54.0}}
    t =    10.19s Find the Other
    t =    10.21s Find the Other
    t =    10.23s Find the Any (Element at index 45)
    t =    10.25s Find the Other at {{0.0, 0.0}, {440.0, 956.0}}
    t =    10.28s Find the Other
    t =    10.30s Find the Other
    t =    10.32s Find the Any (Element at index 46)
    t =    10.34s Find the Other at {{130.0, 877.0}, {94.0, 54.0}}
    t =    10.37s Find the Other
    t =    10.39s Find the Other
    t =    10.41s Find the Any (Element at index 47)
    t =    10.44s Find the "prototype.screen" CollectionView
    t =    10.46s Find the "prototype.screen" CollectionView
    t =    10.48s Find the "prototype.screen" CollectionView
    t =    10.50s Find the "prototype.screen" CollectionView
    t =    10.53s Find the Any (Element at index 48)
    t =    10.55s Find the Other at {{-20.0, -1723.0}, {480.0, 2509.7}}
    t =    10.57s Find the Other
    t =    10.59s Find the Other
    t =    10.61s Find the Any (Element at index 49)
    t =    10.64s Find the Other at {{0.0, 0.0}, {440.0, 956.0}}
    t =    10.66s Find the Other
    t =    10.68s Find the Other
    t =    10.70s Find the Any (Element at index 50)
    t =    10.73s Find the Other at {{0.0, 0.0}, {440.0, 956.0}}
    t =    10.75s Find the Other
    t =    10.77s Find the Other
    t =    10.79s Find the Any (Element at index 51)
    t =    10.82s Find the Cell at {{20.0, 189.0}, {400.0, 145.3}}
    t =    10.84s Find the Cell
    t =    10.86s Find the Cell
    t =    10.88s Find the Any (Element at index 52)
    t =    10.91s Find the Cell at {{20.0, 334.3}, {400.0, 155.3}}
    t =    10.93s Find the Cell
    t =    10.95s Find the Cell
    t =    10.98s Find the Any (Element at index 53)
    t =    11.00s Find the Cell at {{20.0, 489.7}, {400.0, 279.3}}
    t =    11.02s Find the Cell
    t =    11.05s Find the Cell
    t =    11.07s Find the Any (Element at index 54)
    t =    11.09s Find the Other at {{40.0, 488.7}, {360.0, 1.0}}
    t =    11.12s Find the Other
    t =    11.14s Find the Other
    t =    11.16s Find the Any (Element at index 55)
    t =    11.19s Find the Other at {{-20.0, 786.7}, {480.0, 4319.3}}
    t =    11.21s Find the Other
    t =    11.23s Find the Other
    t =    11.26s Find the Any (Element at index 56)
    t =    11.28s Find the Cell at {{20.0, 786.7}, {400.0, 207.3}}
    t =    11.31s Find the Cell
    t =    11.33s Find the Cell
    t =    11.35s Find the Any (Element at index 57)
    t =    11.38s Find the "Vertical scroll bar, 5 pages" Other
    t =    11.40s Find the "Vertical scroll bar, 5 pages" Other
    t =    11.42s Find the "Vertical scroll bar, 5 pages" Other
    t =    11.45s Find the "Vertical scroll bar, 5 pages" Other
    t =    11.47s Find the Any (Element at index 58)
    t =    11.50s Find the Other at {{0.0, 808.2}, {440.0, 147.8}}
    t =    11.52s Find the Other
    t =    11.55s Find the Other
    t =    11.57s Find the Any (Element at index 59)
    t =    11.59s Find the Other at {{20.0, 189.0}, {400.0, 145.3}}
    t =    11.62s Find the Other
    t =    11.64s Find the Other
    t =    11.66s Find the Any (Element at index 60)
    t =    11.69s Find the Other at {{20.0, 189.0}, {400.0, 145.3}}
    t =    11.71s Find the Other
    t =    11.74s Find the Other
    t =    11.76s Find the Any (Element at index 61)
    t =    11.79s Find the Other at {{20.0, 334.3}, {400.0, 155.3}}
    t =    11.81s Find the Other
    t =    11.84s Find the Other
    t =    11.86s Find the Any (Element at index 62)
    t =    11.89s Find the Other at {{20.0, 334.3}, {400.0, 155.3}}
    t =    11.91s Find the Other
    t =    11.94s Find the Other
    t =    11.96s Find the Any (Element at index 63)
    t =    11.99s Find the Other at {{20.0, 489.7}, {400.0, 279.3}}
    t =    12.01s Find the Other
    t =    12.04s Find the Other
    t =    12.06s Find the Any (Element at index 64)
    t =    12.09s Find the Other at {{20.0, 489.7}, {400.0, 279.3}}
    t =    12.11s Find the Other
    t =    12.14s Find the Other
    t =    12.16s Find the Any (Element at index 65)
    t =    12.19s Find the Other at {{20.0, 786.7}, {400.0, 207.3}}
    t =    12.21s Find the Other
    t =    12.24s Find the Other
    t =    12.26s Find the Any (Element at index 66)
    t =    12.29s Find the Other at {{20.0, 786.7}, {400.0, 207.3}}
    t =    12.31s Find the Other
    t =    12.34s Find the Other
    t =    12.36s Find the Any (Element at index 67)
    t =    12.39s Find the Other at {{434.0, 863.0}, {3.0, 7.0}}
    t =    12.42s Find the Other
    t =    12.44s Find the Other
    t =    12.47s Find the Any (Element at index 68)
    t =    12.49s Find the "AdditionalDimmingOverlay" Image
    t =    12.52s Find the "AdditionalDimmingOverlay" Image
    t =    12.55s Find the "AdditionalDimmingOverlay" Image
    t =    12.57s Find the "AdditionalDimmingOverlay" Image
    t =    12.60s Find the Any (Element at index 69)
    t =    12.63s Find the Other at {{0.0, 808.2}, {440.0, 147.8}}
    t =    12.65s Find the Other
    t =    12.68s Find the Other
    t =    12.70s Find the Any (Element at index 70)
    t =    12.73s Find the Other at {{0.0, 808.2}, {440.0, 147.8}}
    t =    12.76s Find the Other
    t =    12.78s Find the Other
    t =    12.81s Find the Any (Element at index 71)
    t =    12.84s Find the Other at {{20.0, 189.0}, {400.0, 145.3}}
    t =    12.87s Find the Other
    t =    12.89s Find the Other
    t =    12.92s Find the Any (Element at index 72)
    t =    12.95s Find the Other at {{20.0, 334.3}, {400.0, 155.3}}
    t =    12.98s Find the Other
    t =    13.00s Find the Other
    t =    13.03s Find the Any (Element at index 73)
    t =    13.06s Find the Other at {{20.0, 334.3}, {400.0, 155.3}}
    t =    13.08s Find the Other
    t =    13.11s Find the Other
    t =    13.13s Find the Any (Element at index 74)
    t =    13.16s Find the Other at {{20.0, 489.7}, {400.0, 279.3}}
    t =    13.19s Find the Other
    t =    13.22s Find the Other
    t =    13.24s Find the Any (Element at index 75)
    t =    13.27s Find the Other at {{20.0, 489.7}, {400.0, 279.3}}
    t =    13.30s Find the Other
    t =    13.32s Find the Other
    t =    13.35s Find the Any (Element at index 76)
    t =    13.38s Find the Other at {{20.0, 786.7}, {400.0, 207.3}}
    t =    13.41s Find the Other
    t =    13.44s Find the Other
    t =    13.46s Find the Any (Element at index 77)
    t =    13.49s Find the Other at {{0.0, 808.2}, {440.0, 147.8}}
    t =    13.52s Find the Other
    t =    13.55s Find the Other
    t =    13.58s Find the Any (Element at index 78)
    t =    13.61s Find the Other at {{0.0, 808.2}, {440.0, 147.8}}
    t =    13.64s Find the Other
    t =    13.66s Find the Other
    t =    13.69s Find the Any (Element at index 79)
    t =    13.72s Find the Other at {{0.0, 808.2}, {440.0, 147.8}}
    t =    13.75s Find the Other
    t =    13.77s Find the Other
    t =    13.80s Find the Any (Element at index 80)
    t =    13.83s Find the Other at {{20.0, 189.0}, {400.0, 145.3}}
    t =    13.86s Find the Other
    t =    13.88s Find the Other
    t =    13.91s Find the Any (Element at index 81)
    t =    13.94s Find the Other at {{20.0, 334.3}, {400.0, 155.3}}
    t =    13.97s Find the Other
    t =    13.99s Find the Other
    t =    14.02s Find the Any (Element at index 82)
    t =    14.05s Find the Other at {{20.0, 489.7}, {400.0, 279.3}}
    t =    14.08s Find the Other
    t =    14.10s Find the Other
    t =    14.13s Find the Any (Element at index 83)
    t =    14.16s Find the Other at {{20.0, 786.7}, {400.0, 207.3}}
    t =    14.19s Find the Other
    t =    14.22s Find the Other
    t =    14.24s Find the Any (Element at index 84)
    t =    14.27s Find the "Preregistered state" StaticText
    t =    14.30s Find the "Preregistered state" StaticText
    t =    14.33s Find the "Preregistered state" StaticText
    t =    14.36s Find the "Preregistered state" StaticText
    t =    14.38s Find the Any (Element at index 85)
    t =    14.41s Find the "prototype.variant" StaticText
    t =    14.44s Find the "prototype.variant" StaticText
    t =    14.47s Find the "prototype.variant" StaticText
    t =    14.50s Find the "prototype.variant" StaticText
    t =    14.53s Find the "prototype.variant" StaticText
    t =    14.56s Find the Any (Element at index 86)
    t =    14.59s Find the "prototype.deliberate-low-contrast" StaticText
    t =    14.62s Find the "prototype.deliberate-low-contrast" StaticText
    t =    14.64s Find the "prototype.deliberate-low-contrast" StaticText
    t =    14.67s Find the "prototype.deliberate-low-contrast" StaticText
    t =    14.70s Find the "prototype.deliberate-low-contrast" StaticText
    t =    14.73s Find the Any (Element at index 87)
    t =    14.76s Find the "Native navigation links" StaticText
    t =    14.79s Find the "Native navigation links" StaticText
    t =    14.82s Find the "Native navigation links" StaticText
    t =    14.84s Find the "Native navigation links" StaticText
    t =    14.87s Added attachment named '07-semantic-repair-light-AX5-accessibility-element-inventory'
    t =    15.25s Find the Any (Descendant with identity binding to AX element pid: 41579, elementOrHash.elementID: 4396066432.91)
    t =    15.27s Checking existence of `"Native navigation links" StaticText`
    t =    15.28s Find the "Native navigation links" StaticText
/Users/devin/dev/repos/github@zenbujapanese/zenbujapanese-monorepo-prototype-293/prototypes/issue-293-liquid-glass-audit-controls/UITests/PrototypeIssue293UITests.swift:51: error: -[PrototypeIssue293UITests.PrototypeIssue293UITests test07SemanticRepairLightAX5] : Contrast failed
    t =    15.34s Tear Down
Test Case '-[PrototypeIssue293UITests.PrototypeIssue293UITests test07SemanticRepairLightAX5]' failed (15.555 seconds).
Test Case '-[PrototypeIssue293UITests.PrototypeIssue293UITests test08SemanticRepairDarkAX5]' started.
    t =     0.00s Start Test at 2026-09-05 07:51:52.161
    t =     0.03s Set Up
    t =     0.03s Setting appearance mode to Dark
    t =     2.04s     Wait for dev.zenbujapanese.prototype.issue293 to idle
    t =     2.05s Open dev.zenbujapanese.prototype.issue293
    t =     2.05s     Launch dev.zenbujapanese.prototype.issue293
    t =     2.05s         Terminate dev.zenbujapanese.prototype.issue293:41579
2026-09-05 07:51:55.259 xcodebuild[40781:5834189] [MT] IDELaunchParametersSnapshot: The operation couldn’t be completed. (DebuggerLLDB.DebuggerVersionStore.StoreError error 0.)
2026-09-05 07:51:55.259 xcodebuild[40781:5834189] [MT] IDELaunchParametersSnapshot: no debugger version
    t =     3.31s         Setting up automation session
    t =     4.00s         Wait for dev.zenbujapanese.prototype.issue293 to idle
    t =     5.29s Waiting 5.0s for "prototype.screen" CollectionView to exist
    t =     6.30s     Checking `Expect predicate `existsNoRetry == 1` for object "prototype.screen" CollectionView`
    t =     6.30s         Checking existence of `"prototype.screen" CollectionView`
    t =     6.46s Added attachment named '08-semantic-repair-dark-AX5'
    t =     6.46s Added attachment named '08-semantic-repair-dark-AX5-public-accessibility-settings'
    t =     6.46s Get all elements bound by index for: Descendants matching type Any
    t =     6.50s Find the Any (Element at index 0)
    t =     6.52s Find the Window at {{0.0, 0.0}, {440.0, 956.0}}
    t =     6.54s Find the Window
    t =     6.56s Find the Window
    t =     6.58s Find the Any (Element at index 1)
    t =     6.60s Find the Other at {{0.0, 0.0}, {440.0, 956.0}}
    t =     6.61s Find the Other
    t =     6.63s Find the Other
    t =     6.65s Find the Any (Element at index 2)
    t =     6.67s Find the Other at {{0.0, 0.0}, {440.0, 956.0}}
    t =     6.69s Find the Other
    t =     6.71s Find the Other
    t =     6.73s Find the Any (Element at index 3)
    t =     6.75s Find the Other at {{0.0, 0.0}, {440.0, 956.0}}
    t =     6.77s Find the Other
    t =     6.79s Find the Other
    t =     6.80s Find the Any (Element at index 4)
    t =     6.83s Find the Other at {{0.0, 0.0}, {440.0, 956.0}}
    t =     6.84s Find the Other
    t =     6.86s Find the Other
    t =     6.88s Find the Any (Element at index 5)
    t =     6.90s Find the Other at {{0.0, 0.0}, {440.0, 956.0}}
    t =     6.92s Find the Other
    t =     6.93s Find the Other
    t =     6.95s Find the Any (Element at index 6)
    t =     6.97s Find the Other at {{0.0, 0.0}, {440.0, 956.0}}
    t =     6.99s Find the Other
    t =     7.01s Find the Other
    t =     7.03s Find the Any (Element at index 7)
    t =     7.05s Find the Other at {{0.0, 873.0}, {440.0, 83.0}}
    t =     7.07s Find the Other
    t =     7.09s Find the Other
    t =     7.11s Find the Any (Element at index 8)
    t =     7.13s Find the Other at {{0.0, 0.0}, {440.0, 956.0}}
    t =     7.15s Find the Other
    t =     7.17s Find the Other
    t =     7.19s Find the Any (Element at index 9)
    t =     7.21s Find the Other at {{0.0, 0.0}, {440.0, 956.0}}
    t =     7.23s Find the Other
    t =     7.25s Find the Other
    t =     7.26s Find the Any (Element at index 10)
    t =     7.29s Find the Other at {{0.0, 873.0}, {440.0, 83.0}}
    t =     7.30s Find the Other
    t =     7.32s Find the Other
    t =     7.34s Find the Any (Element at index 11)
    t =     7.36s Find the Other at {{0.0, 0.0}, {440.0, 956.0}}
    t =     7.38s Find the Other
    t =     7.40s Find the Other
    t =     7.42s Find the Any (Element at index 12)
    t =     7.44s Find the "Tab Bar" TabBar
    t =     7.46s Find the "Tab Bar" TabBar
    t =     7.48s Find the "Tab Bar" TabBar
    t =     7.50s Find the "Tab Bar" TabBar
    t =     7.52s Find the Any (Element at index 13)
    t =     7.54s Find the Other at {{0.0, 873.0}, {440.0, 83.0}}
    t =     7.56s Find the Other
    t =     7.58s Find the Other
    t =     7.60s Find the Any (Element at index 14)
    t =     7.62s Find the Other at {{0.0, 0.0}, {440.0, 956.0}}
    t =     7.64s Find the Other
    t =     7.66s Find the Other
    t =     7.68s Find the Any (Element at index 15)
    t =     7.70s Find the Other at {{126.0, 873.0}, {188.0, 62.0}}
    t =     7.72s Find the Other
    t =     7.74s Find the Other
    t =     7.76s Find the Any (Element at index 16)
    t =     7.78s Find the Other at {{0.0, 873.0}, {440.0, 83.0}}
    t =     7.80s Find the Other
    t =     7.83s Find the Other
    t =     7.85s Find the Any (Element at index 17)
    t =     7.87s Find the Other at {{0.0, 0.0}, {440.0, 956.0}}
    t =     7.89s Find the Other
    t =     7.91s Find the Other
    t =     7.93s Find the Any (Element at index 18)
    t =     7.95s Find the Other at {{126.0, 873.0}, {94.0, 54.0}}
    t =     7.97s Find the Other
    t =     7.99s Find the Other
    t =     8.01s Find the Any (Element at index 19)
    t =     8.04s Find the Other at {{126.0, 873.0}, {188.0, 62.0}}
    t =     8.06s Find the Other
    t =     8.08s Find the Other
    t =     8.10s Find the Any (Element at index 20)
    t =     8.12s Find the Other at {{130.0, 877.0}, {94.0, 54.0}}
    t =     8.14s Find the Other
    t =     8.16s Find the Other
    t =     8.18s Find the Any (Element at index 21)
    t =     8.20s Find the Other at {{0.0, 873.0}, {440.0, 83.0}}
    t =     8.22s Find the Other
    t =     8.24s Find the Other
    t =     8.26s Find the Any (Element at index 22)
    t =     8.28s Find the Other at {{0.0, 873.0}, {440.0, 83.0}}
    t =     8.30s Find the Other
    t =     8.33s Find the Other
    t =     8.34s Find the Any (Element at index 23)
    t =     8.37s Find the Other at {{0.0, 0.0}, {440.0, 956.0}}
    t =     8.39s Find the Other
    t =     8.41s Find the Other
    t =     8.43s Find the Any (Element at index 24)
    t =     8.45s Find the "Controls" Button
    t =     8.47s Find the "Controls" Button
    t =     8.49s Find the "Controls" Button
    t =     8.51s Find the "Controls" Button
    t =     8.53s Find the Any (Element at index 25)
    t =     8.55s Find the "About" Button
    t =     8.57s Find the "About" Button
    t =     8.59s Find the "About" Button
    t =     8.61s Find the "About" Button
    t =     8.63s Find the Any (Element at index 26)
    t =     8.65s Find the Other at {{130.0, 877.0}, {94.0, 54.0}}
    t =     8.67s Find the Other
    t =     8.70s Find the Other
    t =     8.71s Find the Any (Element at index 27)
    t =     8.74s Find the Other at {{0.0, 873.0}, {440.0, 83.0}}
    t =     8.76s Find the Other
    t =     8.78s Find the Other
    t =     8.80s Find the Any (Element at index 28)
    t =     8.82s Find the Other at {{0.0, 873.0}, {440.0, 83.0}}
    t =     8.84s Find the Other
    t =     8.86s Find the Other
    t =     8.88s Find the Any (Element at index 29)
    t =     8.90s Find the "Native Controls" NavigationBar
    t =     8.92s Find the "Native Controls" NavigationBar
    t =     8.94s Find the "Native Controls" NavigationBar
    t =     8.96s Find the "Native Controls" NavigationBar
    t =     8.98s Find the Any (Element at index 30)
    t =     9.00s Find the Other at {{0.0, 0.0}, {440.0, 956.0}}
    t =     9.02s Find the Other
    t =     9.04s Find the Other
    t =     9.06s Find the Any (Element at index 31)
    t =     9.09s Find the Other at {{0.0, 0.0}, {440.0, 956.0}}
    t =     9.11s Find the Other
    t =     9.13s Find the Other
    t =     9.15s Find the Any (Element at index 32)
    t =     9.17s Find the "list.bullet" Image
    t =     9.19s Find the "list.bullet" Image
    t =     9.21s Find the "list.bullet" Image
    t =     9.23s Find the "list.bullet" Image
    t =     9.25s Find the "list.bullet" Image
    t =     9.27s Find the Any (Element at index 33)
    t =     9.29s Find the "info.circle.fill" Image
    t =     9.31s Find the "info.circle.fill" Image
    t =     9.34s Find the "info.circle.fill" Image
    t =     9.36s Find the "info.circle.fill" Image
    t =     9.38s Find the "info.circle.fill" Image
    t =     9.40s Find the Any (Element at index 34)
    t =     9.42s Find the Other at {{130.0, 877.0}, {94.0, 54.0}}
    t =     9.44s Find the Other
    t =     9.46s Find the Other
    t =     9.48s Find the Any (Element at index 35)
    t =     9.51s Find the Other at {{130.0, 877.0}, {94.0, 54.0}}
    t =     9.53s Find the Other
    t =     9.55s Find the Other
    t =     9.57s Find the Any (Element at index 36)
    t =     9.59s Find the Other at {{0.0, 873.0}, {440.0, 83.0}}
    t =     9.62s Find the Other
    t =     9.64s Find the Other
    t =     9.66s Find the Any (Element at index 37)
    t =     9.68s Find the "Native Controls" StaticText
    t =     9.71s Find the "Native Controls" StaticText
    t =     9.73s Find the "Native Controls" StaticText
    t =     9.75s Find the "Native Controls" StaticText
    t =     9.77s Find the Any (Element at index 38)
    t =     9.80s Find the Other at {{0.0, 0.0}, {440.0, 956.0}}
    t =     9.82s Find the Other
    t =     9.84s Find the Other
    t =     9.86s Find the Any (Element at index 39)
    t =     9.88s Find the Other at {{0.0, 0.0}, {440.0, 956.0}}
    t =     9.91s Find the Other
    t =     9.93s Find the Other
    t =     9.95s Find the Any (Element at index 40)
    t =     9.97s Find the Other at {{130.0, 877.0}, {94.0, 54.0}}
    t =     9.99s Find the Other
    t =    10.02s Find the Other
    t =    10.04s Find the Any (Element at index 41)
    t =    10.06s Find the Other at {{130.0, 877.0}, {94.0, 54.0}}
    t =    10.08s Find the Other
    t =    10.10s Find the Other
    t =    10.12s Find the Any (Element at index 42)
    t =    10.15s Find the Other at {{0.0, 0.0}, {440.0, 956.0}}
    t =    10.17s Find the Other
    t =    10.19s Find the Other
    t =    10.21s Find the Any (Element at index 43)
    t =    10.24s Find the Other at {{130.0, 877.0}, {94.0, 54.0}}
    t =    10.26s Find the Other
    t =    10.28s Find the Other
    t =    10.30s Find the Any (Element at index 44)
    t =    10.33s Find the Other at {{130.0, 877.0}, {94.0, 54.0}}
    t =    10.35s Find the Other
    t =    10.37s Find the Other
    t =    10.40s Find the Any (Element at index 45)
    t =    10.42s Find the Other at {{0.0, 0.0}, {440.0, 956.0}}
    t =    10.44s Find the Other
    t =    10.47s Find the Other
    t =    10.49s Find the Any (Element at index 46)
    t =    10.52s Find the Other at {{130.0, 877.0}, {94.0, 54.0}}
    t =    10.54s Find the Other
    t =    10.56s Find the Other
    t =    10.58s Find the Any (Element at index 47)
    t =    10.61s Find the "prototype.screen" CollectionView
    t =    10.63s Find the "prototype.screen" CollectionView
    t =    10.66s Find the "prototype.screen" CollectionView
    t =    10.68s Find the "prototype.screen" CollectionView
    t =    10.70s Find the Any (Element at index 48)
    t =    10.73s Find the Other at {{-20.0, -1723.0}, {480.0, 2509.7}}
    t =    10.75s Find the Other
    t =    10.77s Find the Other
    t =    10.79s Find the Any (Element at index 49)
    t =    10.82s Find the Other at {{0.0, 0.0}, {440.0, 956.0}}
    t =    10.84s Find the Other
    t =    10.87s Find the Other
    t =    10.89s Find the Any (Element at index 50)
    t =    10.91s Find the Other at {{0.0, 0.0}, {440.0, 956.0}}
    t =    10.94s Find the Other
    t =    10.96s Find the Other
    t =    10.98s Find the Any (Element at index 51)
    t =    11.01s Find the Cell at {{20.0, 189.0}, {400.0, 145.3}}
    t =    11.03s Find the Cell
    t =    11.05s Find the Cell
    t =    11.08s Find the Any (Element at index 52)
    t =    11.10s Find the Cell at {{20.0, 334.3}, {400.0, 155.3}}
    t =    11.13s Find the Cell
    t =    11.15s Find the Cell
    t =    11.17s Find the Any (Element at index 53)
    t =    11.20s Find the Cell at {{20.0, 489.7}, {400.0, 279.3}}
    t =    11.22s Find the Cell
    t =    11.24s Find the Cell
    t =    11.27s Find the Any (Element at index 54)
    t =    11.29s Find the Other at {{40.0, 488.7}, {360.0, 1.0}}
    t =    11.32s Find the Other
    t =    11.34s Find the Other
    t =    11.37s Find the Any (Element at index 55)
    t =    11.39s Find the Other at {{-20.0, 786.7}, {480.0, 4319.3}}
    t =    11.42s Find the Other
    t =    11.44s Find the Other
    t =    11.46s Find the Any (Element at index 56)
    t =    11.49s Find the Cell at {{20.0, 786.7}, {400.0, 207.3}}
    t =    11.51s Find the Cell
    t =    11.54s Find the Cell
    t =    11.56s Find the Any (Element at index 57)
    t =    11.59s Find the "Vertical scroll bar, 5 pages" Other
    t =    11.62s Find the "Vertical scroll bar, 5 pages" Other
    t =    11.64s Find the "Vertical scroll bar, 5 pages" Other
    t =    11.67s Find the "Vertical scroll bar, 5 pages" Other
    t =    11.69s Find the Any (Element at index 58)
    t =    11.72s Find the Other at {{0.0, 808.2}, {440.0, 147.8}}
    t =    11.74s Find the Other
    t =    11.77s Find the Other
    t =    11.79s Find the Any (Element at index 59)
    t =    11.82s Find the Other at {{20.0, 189.0}, {400.0, 145.3}}
    t =    11.84s Find the Other
    t =    11.87s Find the Other
    t =    11.89s Find the Any (Element at index 60)
    t =    11.92s Find the Other at {{20.0, 189.0}, {400.0, 145.3}}
    t =    11.95s Find the Other
    t =    11.97s Find the Other
    t =    12.00s Find the Any (Element at index 61)
    t =    12.03s Find the Other at {{20.0, 334.3}, {400.0, 155.3}}
    t =    12.05s Find the Other
    t =    12.08s Find the Other
    t =    12.10s Find the Any (Element at index 62)
    t =    12.13s Find the Other at {{20.0, 334.3}, {400.0, 155.3}}
    t =    12.16s Find the Other
    t =    12.18s Find the Other
    t =    12.20s Find the Any (Element at index 63)
    t =    12.23s Find the Other at {{20.0, 489.7}, {400.0, 279.3}}
    t =    12.26s Find the Other
    t =    12.28s Find the Other
    t =    12.31s Find the Any (Element at index 64)
    t =    12.34s Find the Other at {{20.0, 489.7}, {400.0, 279.3}}
    t =    12.36s Find the Other
    t =    12.39s Find the Other
    t =    12.41s Find the Any (Element at index 65)
    t =    12.44s Find the Other at {{20.0, 786.7}, {400.0, 207.3}}
    t =    12.47s Find the Other
    t =    12.49s Find the Other
    t =    12.52s Find the Any (Element at index 66)
    t =    12.54s Find the Other at {{20.0, 786.7}, {400.0, 207.3}}
    t =    12.57s Find the Other
    t =    12.60s Find the Other
    t =    12.62s Find the Any (Element at index 67)
    t =    12.65s Find the Other at {{434.0, 863.0}, {3.0, 7.0}}
    t =    12.68s Find the Other
    t =    12.70s Find the Other
    t =    12.73s Find the Any (Element at index 68)
    t =    12.75s Find the "AdditionalDimmingOverlay" Image
    t =    12.78s Find the "AdditionalDimmingOverlay" Image
    t =    12.80s Find the "AdditionalDimmingOverlay" Image
    t =    12.84s Find the "AdditionalDimmingOverlay" Image
    t =    12.87s Find the Any (Element at index 69)
    t =    12.89s Find the Other at {{0.0, 808.2}, {440.0, 147.8}}
    t =    12.92s Find the Other
    t =    12.95s Find the Other
    t =    12.97s Find the Any (Element at index 70)
    t =    13.00s Find the Other at {{0.0, 808.2}, {440.0, 147.8}}
    t =    13.03s Find the Other
    t =    13.06s Find the Other
    t =    13.08s Find the Any (Element at index 71)
    t =    13.11s Find the Other at {{20.0, 189.0}, {400.0, 145.3}}
    t =    13.14s Find the Other
    t =    13.17s Find the Other
    t =    13.19s Find the Any (Element at index 72)
    t =    13.22s Find the Other at {{20.0, 334.3}, {400.0, 155.3}}
    t =    13.25s Find the Other
    t =    13.28s Find the Other
    t =    13.30s Find the Any (Element at index 73)
    t =    13.33s Find the Other at {{20.0, 334.3}, {400.0, 155.3}}
    t =    13.36s Find the Other
    t =    13.39s Find the Other
    t =    13.42s Find the Any (Element at index 74)
    t =    13.45s Find the Other at {{20.0, 489.7}, {400.0, 279.3}}
    t =    13.47s Find the Other
    t =    13.50s Find the Other
    t =    13.53s Find the Any (Element at index 75)
    t =    13.56s Find the Other at {{20.0, 489.7}, {400.0, 279.3}}
    t =    13.58s Find the Other
    t =    13.61s Find the Other
    t =    13.64s Find the Any (Element at index 76)
    t =    13.67s Find the Other at {{20.0, 786.7}, {400.0, 207.3}}
    t =    13.69s Find the Other
    t =    13.72s Find the Other
    t =    13.75s Find the Any (Element at index 77)
    t =    13.78s Find the Other at {{0.0, 808.2}, {440.0, 147.8}}
    t =    13.80s Find the Other
    t =    13.83s Find the Other
    t =    13.86s Find the Any (Element at index 78)
    t =    13.89s Find the Other at {{0.0, 808.2}, {440.0, 147.8}}
    t =    13.92s Find the Other
    t =    13.94s Find the Other
    t =    13.97s Find the Any (Element at index 79)
    t =    14.00s Find the Other at {{0.0, 808.2}, {440.0, 147.8}}
    t =    14.03s Find the Other
    t =    14.05s Find the Other
    t =    14.08s Find the Any (Element at index 80)
    t =    14.11s Find the Other at {{20.0, 189.0}, {400.0, 145.3}}
    t =    14.14s Find the Other
    t =    14.17s Find the Other
    t =    14.19s Find the Any (Element at index 81)
    t =    14.22s Find the Other at {{20.0, 334.3}, {400.0, 155.3}}
    t =    14.25s Find the Other
    t =    14.28s Find the Other
    t =    14.30s Find the Any (Element at index 82)
    t =    14.34s Find the Other at {{20.0, 489.7}, {400.0, 279.3}}
    t =    14.37s Find the Other
    t =    14.39s Find the Other
    t =    14.42s Find the Any (Element at index 83)
    t =    14.45s Find the Other at {{20.0, 786.7}, {400.0, 207.3}}
    t =    14.48s Find the Other
    t =    14.51s Find the Other
    t =    14.54s Find the Any (Element at index 84)
    t =    14.57s Find the "Preregistered state" StaticText
    t =    14.60s Find the "Preregistered state" StaticText
    t =    14.63s Find the "Preregistered state" StaticText
    t =    14.66s Find the "Preregistered state" StaticText
    t =    14.68s Find the Any (Element at index 85)
    t =    14.72s Find the "prototype.variant" StaticText
    t =    14.75s Find the "prototype.variant" StaticText
    t =    14.78s Find the "prototype.variant" StaticText
    t =    14.80s Find the "prototype.variant" StaticText
    t =    14.83s Find the "prototype.variant" StaticText
    t =    14.86s Find the Any (Element at index 86)
    t =    14.89s Find the "prototype.deliberate-low-contrast" StaticText
    t =    14.92s Find the "prototype.deliberate-low-contrast" StaticText
    t =    14.95s Find the "prototype.deliberate-low-contrast" StaticText
    t =    14.98s Find the "prototype.deliberate-low-contrast" StaticText
    t =    15.01s Find the "prototype.deliberate-low-contrast" StaticText
    t =    15.04s Find the Any (Element at index 87)
    t =    15.07s Find the "Native navigation links" StaticText
    t =    15.10s Find the "Native navigation links" StaticText
    t =    15.13s Find the "Native navigation links" StaticText
    t =    15.16s Find the "Native navigation links" StaticText
    t =    15.20s Added attachment named '08-semantic-repair-dark-AX5-accessibility-element-inventory'
    t =    15.57s Find the Any (Descendant with identity binding to AX element pid: 41660, elementOrHash.elementID: 4387671104.91)
    t =    15.59s Checking existence of `"Native navigation links" StaticText`
    t =    15.61s Find the "Native navigation links" StaticText
/Users/devin/dev/repos/github@zenbujapanese/zenbujapanese-monorepo-prototype-293/prototypes/issue-293-liquid-glass-audit-controls/UITests/PrototypeIssue293UITests.swift:58: error: -[PrototypeIssue293UITests.PrototypeIssue293UITests test08SemanticRepairDarkAX5] : Contrast failed
    t =    15.66s Tear Down
Test Case '-[PrototypeIssue293UITests.PrototypeIssue293UITests test08SemanticRepairDarkAX5]' failed (15.917 seconds).
Test Suite 'PrototypeIssue293UITests' failed at 2026-09-05 07:52:08.078.
	 Executed 8 tests, with 14 failures (0 unexpected) in 139.627 (139.639) seconds
Test Suite 'PrototypeIssue293UITests.xctest' failed at 2026-09-05 07:52:08.079.
	 Executed 8 tests, with 14 failures (0 unexpected) in 139.627 (139.640) seconds
Test Suite 'All tests' failed at 2026-09-05 07:52:08.080.
	 Executed 8 tests, with 14 failures (0 unexpected) in 139.627 (139.642) seconds
2026-09-05 07:52:16.448 xcodebuild[40781:5834189] [MT] IDETestOperationsObserverDebug: 150.041 elapsed -- Testing started completed.
2026-09-05 07:52:16.448 xcodebuild[40781:5834189] [MT] IDETestOperationsObserverDebug: 0.000 sec, +0.000 sec -- start
2026-09-05 07:52:16.448 xcodebuild[40781:5834189] [MT] IDETestOperationsObserverDebug: 150.041 sec, +150.041 sec -- end

Test session results, code coverage, and logs:
	/Users/devin/dev/repos/github@zenbujapanese/zenbujapanese-monorepo-prototype-293/prototypes/issue-293-liquid-glass-audit-controls/Evidence/increase-contrast/PrototypeIssue293-increase-contrast.xcresult

Failing tests:
	PrototypeIssue293UITests.test01AutomaticEdgeLightAX5()
	PrototypeIssue293UITests.test02AutomaticEdgeDarkAX5()
	PrototypeIssue293UITests.test03HardEdgeLightAX5()
	PrototypeIssue293UITests.test04HardEdgeDarkAX5()
	PrototypeIssue293UITests.test05DeliberateLowContrastLightAX5()
	PrototypeIssue293UITests.test06DeliberateLowContrastDarkAX5()
	PrototypeIssue293UITests.test07SemanticRepairLightAX5()
	PrototypeIssue293UITests.test08SemanticRepairDarkAX5()

** TEST EXECUTE FAILED **

Testing started
